index,0
",",2725
SRC,1
0,9
"""",1730
Холо,2
##кос,2
##ты,77
жоққа,3
шығаратын,4
кейбір,7
сарапшылар,2
газ,6
камера,2
##сының,19
күш,12
-,728
қуаты,3
##н,239
есеп,11
##тей,19
келіп,16
6,12
миллион,9
же,21
##бір,22
##ейді,2
от,7
##қа,75
жа,61
##ғу,8
үшін,59
он,14
бес,15
жыл,26
уақыт,6
қажетті,5
##гін,10
ар,26
##иф,1
##мет,4
##икалық,5
тұрғыда,2
##теп,7
шыққан,16
.,2098
Ал,30
неміс,3
##тердің,5
##ей,39
##лерді,2
бойы,10
жақ,11
##паған,2
##ы,175
белгілі,10
алғаш,8
шығарған,1
##дардың,10
бірі,29
–,70
соғыс,11
##та,38
лагерь,1
т,95
##ұ,108
##т,78
##қыны,6
болған,37
француз,4
Пол,2
##ь,18
Рас,2
##син,2
##ье,4
деген,42
адам,49
1,28
Бірнеше,5
сағат,2
суретті,1
1300,1
ұ,85
##натып,3
430,2
өз,29
пара,9
##қша,4
##сы,89
арқылы,17
бөлісті,1
Facebook,1
қолдану,5
##шылары,5
ә,52
##жей,2
##дің,48
басқа,30
саяхат,2
##тары,27
туралы,11
толы,3
##ғырақ,1
б,97
##іл,14
##гісі,3
келетін,4
##ін,78
жазып,6
жатыр,25
2,18
Сөйтіп,3
там,4
##ил,2
##дер,47
мекен,8
##дейтін,3
аймақта,4
—,164
Там,3
##или,1
##ад,1
штаты,6
телу,1
##гула,1
##рдың,9
Ан,7
##д,15
##х,10
##ра,14
Пра,2
##де,89
##ш,29
кан,3
##нара,1
##лардың,24
Кар,4
##ната,2
##ка,9
малая,1
##лил,2
##ердің,5
К,59
##ера,1
##ла,22
құрылды,7
3,15
Бүгінде,1
к,47
##өш,6
##ір,24
##ме,10
##ші,42
монтаж,1
##дау,9
##шы,52
болып,46
еңбек,13
етіп,16
жүр,20
4,14
Ван,2
##юш,1
##ин,9
##нiң,2
“,33
Т,54
##iр,7
##ек,12
н,17
##үк,9
##тес,8
##i,21
”,32
(,175
1952,1
),176
пов,4
##есте,5
##р,77
жарияланды,5
5,23
Халық,12
тығыздығы,7
38,5
43,8
/,25
км²,15
Михаил,1
Ер,13
##еме,3
##евич,10
Ки,6
##ль,15
##чи,2
##чак,1
##ов,28
1919,1
21,4
қараша,7
1990,1
23,5
тамыз,4
хак,1
##ас,9
драматург,2
##і,172
ақын,2
1944,3
жылдан,13
КО,3
##КП,1
мүшесі,3
7,21
2006,4
жылғы,19
мәліметтер,15
бойынша,63
тұрғындарының,14
саны,24
328,2
##1,4
адамды,18
құрайды,17
8,7
Ол,57
бұл,57
жағдайды,3
қате,5
##лік,17
деп,115
түсіндірді,1
9,17
Же,9
##лі,22
Қайрат,1
және,134
Ақтөбе,5
футбол,4
клуб,4
##тарының,7
жан,19
##кү,4
##й,65
##ерлер,1
##інің,24
жаппай,2
##ө,24
##бел,2
##есі,13
##нің,74
видео,3
пайда,15
болды,72
хабарлайды,14
Vesti,2
kz,12
10,12
Б,33
##мей,15
##мін,9
Тарих,1
пен,26
сұлу,3
##лықтың,3
да,167
бір,111
біріне,7
қандай,16
қатысы,1
бар,93
екенін,19
түсіне,5
алмай,19
отырмын,1
Жас,25
##ын,98
ау,43
##зына,5
апа,6
жатқан,35
ф,18
##уже,1
##рін,10
орта,6
жолда,5
қайта,27
##рып,15
стол,4
##ға,216
қойды,15
##іле,10
##сіз,32
бе,18
сіз,10
маған,6
##нап,3
келе,29
##сыз,41
деді,98
оған,18
с,92
##үй,20
##сіне,7
қарап,38
Маған,5
бойындағы,3
##лық,63
##тан,25
гөрі,3
сөзі,8
ұнайды,1
##м,76
Қай,6
##дан,51
білесіз,3
?,111
##лап,9
оқып,8
сіздің,5
екі,64
кітабы,3
##ңыз,12
айтты,8
кеуде,2
##сін,15
көтеріп,10
##рік,3
сау,16
##сақ,8
##мен,147
бок,3
##алды,5
си,6
##пала,3
##п,82
өзі,24
айтқан,7
сөзіне,4
ы,25
##ң,210
##ғай,13
##данып,2
отырған,36
қыз,23
қарады,10
Басқа,5
кітаптар,4
еді,58
##ңіз,18
!,80
Көп,4
емес,62
Сіздің,3
ойлау,1
жүйе,9
ерекше,10
екен,38
Кеше,3
неге,13
осылай,5
сөйлем,2
##еді,16
Өйткені,4
бірден,3
нам,2
##ысқа,3
тие,6
##өй,22
##леді,6
мен,138
түні,2
қор,27
##ланып,4
з,7
##ә,20
##леніп,2
шықты,19
Жыл,10
##ады,8
Сіз,11
##ді,100
мейл,1
##інше,3
жек,9
көріп,10
кетті,18
Бүгін,4
келді,22
Мен,15
сізді,3
қ,202
##ина,2
##ған,73
жоқпын,2
##и,26
##ыла,5
ө,66
##тін,17
##ген,38
ғой,41
Бір,17
себебін,4
айттым,1
деймін,1
себебі,2
Менің,10
##зым,4
##нан,31
келдім,1
сөздің,2
шығуы,4
күтіп,8
отыр,18
ба,26
шам,4
##пан,24
тағы,39
##рт,9
##тап,11
мұз,2
##дап,5
қалған,28
кофе,4
##ні,15
ер,19
##нін,5
##е,76
ти,16
##гізіп,2
Қазақ,15
қыздар,13
##ының,39
ойын,10
##а,67
ор,19
##ала,3
қоймай,2
##тын,26
жауап,14
Оның,29
үстіне,6
жасы,5
##ңызда,1
мені,5
мұнда,3
шақырды,2
Ұ,17
##мы,19
##тып,19
кеткен,18
жоқ,48
Жоқ,3
менің,4
ойы,12
##мда,3
көп,34
нәрсе,6
##лер,20
Енді,9
оның,52
бәрін,18
айт,13
##қым,1
кел,23
қалды,38
Сон,10
##ау,10
поезда,1
##ғы,99
оқиға,6
бастап,11
таңда,5
##май,14
тал,12
##ғам,6
##ай,27
мой,9
##ның,119
##ыз,9
і,9
##ле,5
салған,7
тарих,4
##шының,6
қа,107
##тына,4
ше,17
##йін,7
##пақ,13
едім,11
болуы,8
орын,12
Ах,9
##алт,11
##еке,11
тұқым,5
О,28
##қы,15
##өр,8
##ім,19
де,108
Ең,6
жылқы,3
Сол,30
##нына,1
көр,32
##сеңіз,2
күйде,7
болар,8
тұра,8
Өзі,5
##ыңыз,3
кір,15
##пі,6
##к,47
##ғым,10
сәтте,8
жүз,19
##іне,38
көз,20
тастап,4
Егер,9
ат,16
##бег,2
болсам,3
асыл,1
##ып,63
жана,10
кафе,2
##ге,107
шақырып,6
алып,41
##рыс,12
##ар,29
ме,21
Қыз,8
ақ,49
##мед,2
##тыра,2
тіс,3
##терін,6
көрсете,3
күл,18
##үл,11
кезде,27
м,51
##ұр,42
##нын,9
##ың,69
жоғарғы,4
жағына,7
ж,69
##ібек,2
##шық,10
##тарында,3
жұп,4
жұқа,1
##пар,5
болады,27
таң,12
Ә,32
##дем,5
##ілік,2
##ке,52
ғана,44
көңіл,14
түс,8
##се,26
үйі,8
##өг,9
##іп,38
адамға,3
барын,4
бере,7
салатын,2
табиғат,7
##тың,43
қазақ,21
жо,4
##мар,1
мінез,7
Ба,20
##ғи,19
##ланы,3
жара,11
##лыс,11
##ына,49
отырып,16
арасынан,1
ұқсас,4
##тық,27
тапқан,6
##уан,17
##ды,140
езу,3
тартты,2
Иә,8
ол,65
##гем,4
осында,4
Су,10
атайды,4
Куп,2
##рин,2
Ольга,2
әңгіме,6
өзінің,10
ойлап,3
##дарына,7
байланысты,20
ата,10
##ғал,9
аты,13
өзіме,5
##йы,12
##рмай,7
жы,9
##мид,2
дегенге,2
ре,21
##нж,3
##ең,9
##із,25
##дай,37
адамдарды,3
май,7
##лдан,3
##ден,49
##тар,28
Қазіргі,6
ғылым,7
##лды,11
дегенді,3
шығарып,2
пе,12
Бәрі,6
##йте,3
##уір,5
бірдеңе,2
##лған,16
##ымыз,5
анық,8
А,45
бал,7
құс,5
##лдық,6
Адам,7
Ха,6
боп,39
жұма,2
##қта,33
жүрді,1
сал,15
##са,22
сы,12
##зып,2
тек,14
Сонда,6
ек,6
##еум,1
қазір,8
қалай,13
отыра,7
едік,8
Ст,3
##ол,5
басында,6
##рын,6
екеуі,11
алдар,1
қатар,16
еле,8
##сте,5
##тіп,6
ра,3
##қат,5
##тана,2
күліп,7
алды,26
Оған,7
үй,23
##рен,7
әлі,11
##кі,19
жи,6
##я,41
##лдар,4
##дың,81
отырысы,4
##на,46
##ер,34
үйрену,1
Қалай,1
ой,32
##лай,7
өмірін,3
біздің,4
өмірі,5
##міз,17
төмен,9
санайды,1
дей,7
##л,44
жүргенде,3
кейде,7
олар,10
тә,8
##уба,1
келтіру,2
мүмкін,12
Біз,7
##ыт,5
##қып,3
қайтадан,1
бай,27
үн,20
##ті,75
то,28
##қ,108
көре,7
адамның,17
көзі,15
со,18
##қыр,12
##ұл,29
##ағы,8
терең,9
келеді,12
Оларға,3
өнер,18
ұлт,6
та,26
ертең,6
##гі,73
күн,11
дүние,7
##дегі,18
өзгерістер,3
қажет,13
оларға,7
қар,22
От,3
##ырған,1
орны,10
мін,3
көлігі,3
##ітті,5
басқан,5
кер,7
##егі,8
Өмір,3
сез,10
##бей,4
өтеді,6
ете,9
өздері,3
##бейді,3
соны,6
##ініп,2
жаны,4
аш,7
##иды,2
Және,8
##қыл,23
##етті,5
адамдары,2
кем,7
сияқты,16
Барлық,2
ауру,6
##да,121
##саң,4
шығады,4
Құран,1
##ран,8
берсе,2
##ранд,1
##ұра,20
берсен,1
оқи,3
беретін,5
бәрі,13
##ыс,21
жоғары,14
##лау,10
##өл,15
##ета,1
##йды,13
Абай,12
қосып,7
аяғы,12
астына,1
қою,2
тай,12
##байт,3
##ында,41
Адамдар,1
аралас,13
##қанды,2
##нат,7
##пай,7
##мын,18
Ой,7
сана,7
басты,11
кездесті,5
##рем,1
##қам,6
##ісі,12
##ғымы,1
шығар,22
те,9
сын,4
##бен,10
##ым,18
солай,3
болса,29
тіл,14
##еге,5
Ө,16
##кін,6
##іш,5
##сі,54
сол,48
##лес,14
##пеген,1
##ем,7
осындай,5
топқа,3
##има,6
##дым,2
қос,12
ма,43
міндетті,2
түрде,10
әдемі,2
болу,6
керек,30
##баны,1
жеткілікті,3
күйін,6
##дім,2
көрген,19
##нен,24
##ңызды,4
өзге,13
##лерден,1
биік,5
##теу,1
##сат,4
жақын,9
қалдым,2
бүгін,7
##па,13
осы,35
П,26
болмаса,3
бол,8
қол,18
сіл,5
арзан,2
топ,6
алыс,16
көрінді,4
##лы,45
##ырда,2
шаш,6
##ылып,5
іздеу,4
Сондай,9
сирек,3
қасиеті,2
бола,7
оны,28
##шілік,6
##тің,53
оңай,4
жолында,3
##ұн,5
##тыр,5
тік,6
іш,31
##за,12
қай,37
кейіннен,1
ашу,10
##тты,7
ашық,5
қоңыр,5
айтылған,3
мағынасы,4
әрі,10
##іші,5
мол,5
сөздері,4
##асы,14
зе,4
қоя,7
тың,6
##дады,2
тақырып,3
дәл,12
сөз,17
##рген,13
жерде,21
біреу,5
жанды,1
тас,16
##қын,8
##даған,11
жалпы,15
мағынасын,2
аң,14
##ғар,9
жекелеген,1
##дерін,9
тар,12
##ам,7
мәнін,1
##дей,14
алмады,5
Әй,5
##тсе,3
қарсы,18
алдында,16
##ңда,14
##йлы,1
аша,3
жігіт,39
теле,5
##гей,4
теңіз,10
білім,9
иесі,8
##бед,3
өткір,2
##ү,31
салқын,5
##ры,9
көруге,3
қабырға,2
қара,32
басын,8
##пайтын,1
не,47
кеше,11
пай,2
##ымда,1
##у,51
бұдан,1
әлде,10
##қашан,1
бұрын,11
мың,14
ойланып,2
тол,7
барып,20
жасаған,8
нақты,11
##пас,1
##інде,29
##рі,14
білген,4
түгел,5
##тара,3
##бесі,5
##уға,10
##б,14
##шақ,9
бірін,4
##стай,2
қала,19
##інді,6
Дәл,3
купе,2
кездесіп,1
ға,9
##йып,4
бейне,10
күні,7
дейін,36
##палы,3
##сқа,6
түсіп,8
келген,29
онымен,2
##с,60
сәт,7
##десу,3
##еп,6
дала,8
шы,20
##қса,3
##еу,6
ала,24
іздеп,2
ес,10
қасында,8
түсі,20
##нде,31
##ия,18
##лын,6
Қ,93
##абы,4
##ғын,16
жарып,2
шығуға,1
##пын,4
бала,18
секілді,7
түскен,11
жүре,10
##згі,3
екені,6
белгісіз,7
ішкі,13
##ұны,2
көл,5
бетіндегі,2
##лт,7
тып,1
тыныш,3
орнын,6
жайлы,9
жай,15
##ма,21
шу,4
##ақ,23
жылы,61
алмас,6
##тырып,4
##гінде,10
##лар,34
##мді,3
бой,9
##жет,8
##кен,18
қыздың,5
үс,15
##тем,5
саналы,4
тұр,35
##аған,8
көңілді,2
қасиетті,1
сезімі,2
Соңғы,1
о,6
##ян,7
сабыр,2
сезім,2
##быр,5
ш,16
##бат,5
##қан,28
алғашқы,8
аса,12
##асты,4
бірге,15
бірте,3
өзіне,15
тартып,8
жор,5
##тса,1
шар,5
##шам,1
бағдар,3
қалып,17
түсіріп,5
кен,15
##ет,17
қуаныш,3
толып,3
қуанышты,1
әсерінен,3
кез,7
##лаған,8
##стар,5
тұрып,9
жақсы,15
алдындағы,1
ішіп,7
##ғысы,8
ойд,5
қайдан,5
сап,3
нені,1
түр,8
##ткі,7
болғанын,9
##нбе,3
Ат,4
##тай,74
сағаттан,3
соң,59
Ас,9
жаңбыр,4
Кафе,1
##ңында,3
жас,17
##ыңдар,4
##лары,26
қимыл,9
тым,6
ты,9
С,43
##квер,1
ортасында,5
суы,4
тартылған,2
бас,28
##сей,4
##інг,1
сар,5
##ымы,5
##з,29
##нша,4
##өк,5
түп,9
##әм,5
##бі,12
сары,3
уа,2
##йым,3
салынып,2
##пты,4
##ызда,2
##уы,10
##пы,12
##рақ,3
##тарды,3
##лата,2
басып,6
##ңа,6
##зи,4
сумка,1
##сын,40
и,10
##ығына,3
ас,20
##ынды,7
күз,4
##дік,21
пальто,1
##лта,5
##сына,21
қолын,8
салды,6
жүріп,15
жатып,6
арасы,3
жақында,5
кет,7
##пе,12
##уі,13
қатты,6
қадағалау,3
##ылыш,2
##пен,33
ке,23
##скен,9
тең,9
бойына,4
табылған,3
жалғыз,8
өйткені,4
##тен,30
тіпті,7
бірдей,4
болуды,1
көретін,1
ді,7
платформа,2
жеті,11
сантиметр,4
одан,6
##сам,5
##ғынан,4
жетеді,3
Ж,56
##ігі,8
##тте,6
кіші,7
##сым,1
халықаралық,8
стандарт,2
##ан,44
##өм,12
##ен,38
##ығы,9
аяқ,11
киім,9
##рла,3
қалың,6
ту,15
##фли,1
Би,4
##ікті,5
##пайды,3
##ми,6
Екі,10
Бес,1
Ғ,11
##ажа,2
жатырмын,2
Не,11
ұсақ,3
ең,16
жеңіл,6
##майтын,3
##ал,11
##дар,45
басым,9
сабаққа,1
бара,11
##рот,2
##уар,4
##пады,1
ара,6
бірнеше,19
се,8
##қу,6
##нд,4
пауза,1
:,80
За,1
##уқ,2
мынадай,4
кездесу,8
кейін,24
лекция,1
бару,3
жөн,9
Демек,1
сізге,5
##зген,2
##ері,17
##ше,16
Ты,3
##ныш,2
##мды,5
аудитория,1
у,8
жем,4
ет,10
##кім,11
әрбір,7
жаңа,24
сайын,5
оң,17
##аша,4
##лана,1
болсаңыз,3
онда,4
университет,2
тастау,1
тура,10
келер,2
##о,14
##оры,2
##паңыз,1
алмаймын,2
##ық,28
Мені,2
##сп,9
##есе,2
басыңыз,1
Неге,6
##масын,8
Бірақ,16
өзім,2
##ожа,3
болатын,23
##тыңыз,1
Әрбір,1
##уа,13
##бына,3
##үд,10
##ік,18
қарай,24
болдым,2
Олар,16
көше,3
үйінің,1
##дарын,5
Бай,12
##йсыз,1
кетуге,1
сәл,7
такси,1
біз,5
айтып,16
үл,7
##герген,1
жаяу,3
ештеңе,1
##гер,11
##меді,8
Мұндай,4
сұрақ,6
қажеті,2
##бақ,14
Ли,7
##рика,3
##рдің,4
кей,7
##керлері,3
##не,43
тән,7
ли,2
##рді,7
Бұдан,4
былай,3
қалам,5
ем,8
11,6
Малайзия,1
әуе,12
компаниясының,1
баспасөз,4
хабарлама,7
##үйе,10
##нген,1
РИА,2
Новости,2
дің,2
хабар,11
##лауы,3
украина,1
ди,11
##чер,1
Мәскеу,1
уақыты,4
18,7
45,5
Ресей,14
арада,1
шекара,7
50,8
шақырым,2
##тқан,6
12,6
Са,25
##ғыш,8
са,15
##лу,6
##шылық,7
##иву,1
##честь,1
;,23
via,1
##bility,1
жүйенің,1
сыртқы,3
әсер,4
қарамастан,3
жұмыс,15
қабілетін,2
жой,2
##мау,2
есептеу,3
жүйесінің,2
тиімділігі,2
істеу,2
##тпай,3
##ттық,1
##пат,5
факторлар,3
алатын,11
ал,19
шат,6
іс,11
##теме,2
жағдайларда,2
негізгі,12
қасиеттерін,1
толық,7
я,1
жартылай,2
##қтай,7
немесе,26
бұрынғы,9
қалпына,3
##ре,8
қабілеті,1
&,6
lt,3
ref,1
gt,3
13,10
пайызы,4
шетелдік,5
инвестициялар,1
Облыс,2
три,1
##лли,1
##он,10
теңгеден,2
астам,5
сом,4
##аға,9
мыңнан,6
құру,3
35,3
ірі,12
инвестициялық,2
жоба,2
жүзеге,9
##ыры,13
##луда,1
ішінде,17
капитал,1
жүргізілуде,1
14,3
Бұл,49
нысан,8
Индекс,2
каталог,12
##ұсқа,5
басы,8
##лым,14
тізімін,7
енеді,12
15,5
Д,16
##ежа,3
##нның,6
##ыны,3
##асын,4
төр,6
ауыз,5
үйл,9
бөлме,4
16,7
В,10
17,6
Қазақстанда,4
30,6
түрін,3
##ің,56
24,8
түрі,9
##өп,2
Jun,1
##cus,1
##ысын,4
жал,16
Lus,1
##ula,1
жатады,7
Хасан,3
М,24
19,9
Қарағанды,8
қаласына,6
Астана,5
жарты,4
ұшып,3
Teng,7
##rine,7
##ws,7
тілшісі,9
2015,8
ақпан,5
Алматы,13
##сымен,4
республика,8
рейс,1
ашылады,1
жоспар,5
##ланды,11
20,12
Осындай,6
ұлы,9
мәдени,4
баста,5
##малар,4
жар,9
##шысы,9
Италия,14
елі,5
рет,33
като,1
##лик,1
##тік,16
реакция,3
басталды,3
гума,4
##нис,3
қозғалыс,4
өкілдері,7
ші,7
##рке,3
тарапынан,4
##рады,7
XVI,2
ғасыр,2
40,6
жылдары,9
ин,6
##кви,1
##зици,1
иелері,5
##уда,7
айып,6
##тау,14
мақсатында,5
IV,2
Павел,2
##масы,4
тыйым,1
салынған,9
тізімі,1
жасалды,3
ті,20
##зім,3
христиан,3
дін,5
##ғида,3
##ларына,2
қайшы,3
адамдардың,3
сезімін,1
ететін,3
енді,9
қатарына,4
Джо,2
##ван,2
##ни,1
Бо,11
##кка,1
##ч,5
##чо,2
##терінің,4
##малары,2
жат,11
##зы,14
##ңір,18
шаб,2
22,2
Ду,5
##бек,8
облысы,9
Атырау,8
Каспий,2
порт,2
оңтүстік,11
бөлігін,4
Орталық,4
##танған,1
##ұтас,3
партия,6
##мл,1
басқару,7
##ұрылым,4
##дары,22
дербес,3
ұлттық,9
даму,9
мүмкіндіктерін,3
қабыл,3
##дама,2
Нәтижесінде,2
Қазақстанның,4
халық,15
шаруа,9
##лығы,9
кешені,1
аз,10
жеткізе,4
барлық,14
мәселелер,5
орталық,7
тәуелді,2
берді,14
Жергілікті,1
кәсіпорындар,5
материалдық,3
ынталандыру,3
а,17
өнімдерін,2
баға,4
##латы,1
оларды,6
тыс,4
сату,3
қосымша,5
ақыл,5
төл,1
##енет,2
салық,2
саясаты,2
##ілді,6
##жым,2
##шар,13
кең,15
база,1
##ларын,10
нығайту,1
шаруашылық,9
есепті,1
енгізу,6
қадам,2
##тардың,15
нәтижесінде,7
60,3
жылдардың,2
екінші,10
жартысы,5
##нда,20
ның,4
өнім,2
28,5
%,15
өсті,4
Әсіресе,2
астық,3
өндіру,4
үлкен,20
табыс,3
##тарға,5
жеткізді,4
##жы,11
Қазақстан,35
мемлекет,3
қой,22
61,3
млн,3
құйып,1
жоғарыда,2
берілген,2
тапсырманы,2
алты,8
жылдық,1
жоспарын,1
##ырып,3
жіберді,6
Осы,25
республикада,1
шын,4
мәнінде,3
эко,1
өндіріс,3
экс,4
##сив,1
##діру,1
##мір,5
әдістерін,2
кеңінен,2
жолдары,3
##ырылды,4
Материал,2
##дық,21
бағытталған,6
шаралар,2
аяғына,4
##зі,12
##лм,5
1970,3
85,2
республиканың,1
индустрия,1
дәрежеде,1
түсті,16
өсуі,1
шик,2
##ат,17
отын,2
эне,1
##рге,5
##ларды,5
тарту,2
есебінен,1
80,3
##кә,3
##бін,7
сала,19
үлесі,1
есеппен,2
од,2
##ақты,4
көрсеткіш,1
есе,4
25,3
пол,8
##иц,1
##стер,6
за,1
См,2
##ир,2
##нов,3
тергеу,3
З,11
##енко,2
##в,19
приговор,1
бері,21
жақты,9
имам,1
##ұйрық,3
дейтін,1
дел,1
##дал,2
26,3
Тұрғын,5
елді,2
автомобиль,3
жолы,11
қатынас,2
27,3
тәжірибе,2
Еуропа,6
фи,2
##лол,1
##ог,5
өр,18
##ісін,3
кеңейту,2
білімі,2
дәстүр,2
##лерін,2
туды,4
##рды,9
Солтүстік,7
Америка,1
Канада,2
Алып,8
жер,20
аумағы,8
58,2
шамасында,10
29,3
Бал,4
t,2
826,2
##°С,5
##нау,3
1440,1
сүт,1
ай,26
##нал,8
тәсілі,4
бак,3
##терия,3
микро,3
##ор,10
##гани,2
##зм,17
алайда,3
минерал,2
дә,5
##рум,3
##ендер,3
сақталады,4
31,6
жағдайға,2
қатысты,16
заң,12
##зу,2
жалған,4
тарату,2
барлығы,6
беруі,4
тиіс,2
32,4
Ы,11
##қтың,2
«,69
Жан,5
##ғында,8
»,70
33,1
Л,10
34,6
Жаңа,5
##пап,1
##імен,6
1936,2
жасалған,9
нұсқа,2
36,3
көлемді,1
информация,1
##ны,21
ұзақ,6
сақтау,4
ондағы,1
Э,8
##ЕМ,1
нің,3
болмайды,8
37,2
кезеңде,4
2009,5
2011,1
жылдар,2
аралығындағы,2
жоспарланған,4
орай,3
тілінің,4
тарихи,4
сөзді,7
түзу,5
ғылыми,8
негіздері,1
зерттеу,10
сөздік,2
қорын,1
жин,9
мәселесі,2
міндет,5
##телген,2
Мун,5
##ици,7
##палитет,10
басшысы,12
Г,40
##ео,5
##рг,3
Лу,2
##виг,1
39,3
АҚШ,6
##ур,8
##нос,1
Иван,1
##әле,5
##нді,20
таба,9
алма,6
тәрізді,3
41,1
##ғ,25
##сында,24
ми,9
ішек,3
##те,30
орналасқан,44
ав,2
##стра,2
##лия,1
ғалымдар,5
қызмет,11
атқаратын,1
анықтады,2
хабарлады,3
агенттігі,9
Science,1
Alert,1
сілтеме,3
жасап,10
42,2
Қала,15
тұрақты,10
1314,1
2005,6
Ру,4
##дол,2
##ьф,1
44,4
Ние,1
өзін,3
білу,3
##иқат,1
Бас,15
##ыб,4
сауда,10
қазақтың,1
баласы,5
##әк,6
атын,4
бо,5
баласының,2
үйінде,4
жүрген,12
ақы,6
бер,10
##меген,8
арыз,2
береді,10
##іт,8
баласын,2
ша,22
##шыға,3
46,3
маска,1
47,1
Шар,5
##айн,2
шо,31
##йын,14
есік,5
poem,1
жолдарын,2
қойып,5
жол,14
сәйкес,7
шығатын,4
байқау,2
48,2
##шалар,2
49,3
София,1
қарасты,16
Само,1
##ков,1
қауым,3
құрамына,12
кіреді,3
Олардың,8
56,4
##ман,7
ауданы,13
51,1
Осылайша,6
Ч,3
##ж,16
##э,2
Ён,1
жылға,8
шартты,2
бос,8
##танды,5
айы,8
##рылды,1
52,5
##ри,5
##гт,1
##палар,7
кон,3
##фе,4
##дера,1
##ция,11
##сынан,7
53,2
трае,1
##ктор,2
төс,6
мо,6
##рти,2
##рлік,6
бөлінеді,5
54,2
Парламент,3
палата,2
спикер,1
Премьер,1
Министр,1
кеңес,4
##тім,5
55,3
359,2
449,2
2010,2
Ll,1
##agi,1
##r,1
am,1
сайтын,1
Ар,6
Сар,3
##гс,2
Те,26
##три,1
компьютерлік,1
ойыны,6
жасауға,5
қатысқан,5
57,3
жаққа,15
Кен,10
##еса,1
##рының,1
соңына,6
көшіп,4
Ақмола,1
##қара,3
округ,9
әл,4
##шын,7
##лбай,2
Қара,80
##сек,4
Ай,9
##бе,9
Тем,4
##еш,3
##ыста,12
##ұм,22
Ақ,13
##егінде,5
мына,17
жайы,9
өзенінің,12
То,14
##рға,8
##яты,1
сағ,10
##нала,6
##сты,9
59,1
##рри,1
Ве,11
##дра,1
му,7
##ници,6
құрамдас,4
бөлігі,11
табылады,12
Мұнда,6
ит,7
##аль,10
##янд,1
жəне,1
орыс,21
##пер,2
##ту,8
##арын,4
##маларын,2
орында,5
##ыл,18
көмек,7
##тері,12
62,2
қазан,11
Марат,1
##бие,2
ҚР,10
Ұлттық,7
кәсіпкерлер,2
палатасы,2
мемлекеттік,10
сатып,2
алу,8
жергілікті,11
қамту,1
департаменті,6
директоры,10
орынбасары,4
директор,34
міндетін,4
атқарушы,5
тағайындалды,1
делінген,7
ақпарат,2
63,3
Автор,1
На,12
##зер,1
##жан,4
##хат,1
##ой,10
##шие,1
64,1
элементтер,2
Менде,1
##лее,1
кесте,2
##сінде,3
анықталады,3
65,4
##үрлі,1
жағдайлар,5
бірақ,7
мұндай,9
деңгейде,1
66,1
Так,1
вот,1
Со,18
##фр,4
тая,4
67,1
Португалия,3
аймақ,3
регионы,3
Дан,2
Ла,3
##фо,6
##йн,1
экономика,3
статистикалық,1
суб,1
##рег,3
##ион,1
2001,3
026,1
68,1
Құрметті,2
құрылыс,3
69,1
Пошта,3
индексі,11
ОК,1
##АТ,1
##О,1
коды,11
70,3
Куба,3
##ылы,9
71,1
##эт,1
Ф,17
##рэ,1
##тти,3
таны,9
72,1
ел,12
бейбіт,1
өмір,11
##үр,17
бәріне,4
73,3
Аудан,6
орталығы,6
##тра,3
##хан,7
ауылы,6
батыс,8
км,12
Ш,59
##көл,5
74,3
##қты,14
айтқанда,7
жылдың,15
##сындағы,4
Жер,9
кодекс,1
толықтырулар,1
заңы,3
норма,1
асыру,3
75,2
мысалы,5
үш,29
труба,1
76,3
##пр,3
Ви,5
##сла,1
Од,7
өзен,26
өтті,5
77,1
Алматыда,5
Ра,10
##ңғы,6
Өте,3
батыр,6
көшесі,6
жылу,3
маг,1
##истра,1
жары,4
ауқымды,3
себепті,2
таңғы,3
уақытта,7
жөндеу,3
жұмыстары,6
78,2
Кери,1
##мба,2
##ев,12
шығындар,2
командир,1
##лердің,5
бірінші,8
79,2
##бере,2
##кем,3
терезе,8
алдына,6
##ус,6
беріп,7
дереу,2
сыртқа,2
шығып,12
##әге,3
##рлер,13
айтуынша,7
Никол,1
##ьский,1
базары,1
аумағында,3
81,1
Р,14
##ес,10
иде,2
##нти,3
##фикация,2
420,2
пошта,8
342,2
##2,4
82,1
доллар,7
##басы,3
$,5
белгі,7
##ленеді,3
атау,7
валюта,5
##лардан,2
ажы,5
##рату,3
CA,1
Can,1
C,1
##балар,1
83,3
92,4
84,1
Мар,3
қосалқы,1
##ют,5
іске,8
Сауд,2
өзара,5
бүт,1
ретінде,8
ие,21
86,2
Паул,1
##ло,4
##дағы,37
ком,16
##муна,13
##ом,5
##бар,9
##дия,4
әкімшілік,10
аймағына,10
Милан,2
провинция,8
87,2
еліміздің,3
##лерінің,3
оқу,11
орындарының,1
студенттері,3
##алу,2
Президенті,4
88,1
Видео,3
жолдың,3
бойында,3
айға,7
##йл,3
##айды,8
п,14
##ыша,3
##скі,8
##леп,7
##лейді,3
89,1
тыш,1
курс,2
##орын,1
диск,3
суреті,2
жеткізіп,3
болғаны,4
сақталған,5
мәтін,2
##іг,5
жазылып,1
қауіпсіз,1
90,4
Сөз,6
ақылды,1
сұр,12
##мест,2
##ел,10
91,1
Көз,2
ауырсыну,1
тудырады,1
облысында,6
жастағы,4
оқушы,1
электр,6
техника,3
ашты,5
93,1
Кейбір,5
солтүстік,6
топтар,4
ка,1
##вка,1
##зды,5
нә,6
##сіл,7
##дерге,3
94,1
##ыр,25
##тыс,3
жылдамдығы,1
аймақтарда,2
жылына,1
см,5
екендігі,1
анықталды,2
95,2
##юс,1
Швейцария,2
##ю,6
##цер,1
кант,3
##оны,3
96,4
Сонымен,8
аға,7
ақылы,1
97,1
Оларды,1
фото,1
##зде,4
##уш,2
##авт,2
##от,1
##ро,5
##фт,4
Жоғары,2
сат,3
өсімдіктер,2
##дыр,12
денесі,4
хлор,2
##офи,3
##лл,2
болғандықтан,3
қарапайым,3
көмір,2
##ыш,5
күрделі,2
органикалық,1
заттар,1
процесінде,1
##уле,14
##сінің,6
пайдаланады,1
Авто,9
##тро,2
##зала,2
витамин,1
өсуіне,1
заттарды,2
қоршаған,3
ортада,3
отырады,4
98,1
Кейде,4
соз,1
науқас,1
##дек,4
қалуы,2
99,2
Өзен,16
ұзындығы,4
100,5
##нта,3
101,1
Х,7
##ими,3
##ялық,5
жүретін,1
##яш,1
қаупі,4
аза,1
##йт,4
##атын,4
капсула,1
##ылады,3
102,3
Атап,1
ұйымның,1
тиісті,6
ен,4
##ттары,2
талаптары,2
##лмай,5
отандық,1
авиация,3
саласында,1
бақылау,6
шаралары,2
көлік,5
коммуникация,2
министрлігі,5
азаматтық,3
комитетінің,4
Халықаралық,2
ұйымының,1
талаптарына,1
сай,11
103,1
территория,9
басқалар,2
өзгеше,1
Чи,2
##рч,1
парк,2
Cir,1
##ceo,1
##лора,1
фа,6
##унан,8
қорғау,6
табиғи,4
ландшафт,1
##ғала,18
##уын,7
104,1
##қар,8
##ыра,10
поэзия,3
ерекшеліктерін,3
##ғыс,15
күй,8
қуатты,2
##паз,2
##дықпен,1
##жай,1
105,3
IC,2
500,3
##5,3
Е,34
##шкі,1
##дыз,7
SB,4
##c,1
типті,7
гала,9
##ктика,9
106,1
Аталған,1
қылмыстық,5
жауапкершілік,1
тартылып,1
кәсіпкер,1
облыстық,6
##ұрылыс,1
басқармасының,1
##тылған,2
107,1
И,8
##бай,21
##өшке,4
Аман,1
108,1
Үлкен,4
бр,3
##ох,1
кі,15
##леге,1
##бы,6
қабат,4
дамып,3
##шек,3
##қи,6
##налар,1
пласт,3
##инка,1
##ларға,10
айналады,2
109,1
##кесі,5
бек,4
ла,4
##лас,6
##сү,3
##ектер,3
110,1
әдістері,2
үлгі,5
айта,8
өте,17
ток,1
қосу,2
111,1
##ене,2
##ссан,2
мәдениеті,4
негізінде,6
заманда,1
еуропалық,1
қазіргі,12
##ие,3
##тке,2
шешу,1
жасады,6
112,1
кітап,9
психологиялық,3
тракта,1
##тті,4
113,1
Бел,3
##ьтра,1
1868,2
114,1
Turn,1
all,1
the,1
lights,1
up,1
xxx,1
115,1
##хите,1
көпшілігі,1
топырақ,5
сен,8
Былтыр,5
бюджеттен,1
қаражат,2
бөлініп,2
Най,1
##баев,10
##аба,1
##лері,13
өткен,10
200,5
теңге,7
дейді,9
Жол,7
##шылар,8
автокөлік,2
бөлімі,2
жетекшісі,2
Нұрлан,1
Се,8
##зино,1
116,1
Мед,2
##деме,4
орынды,3
117,1
##алым,4
әлем,4
әдебиеті,2
қалыптасқан,3
өлең,8
жүйелер,3
метри,1
сил,2
##лаб,2
тони,2
жүйесі,8
екендігін,2
сондай,12
ыр,5
##ғақ,3
##пін,2
##лығын,5
##ынан,12
пайдалана,3
біліп,4
##нек,2
дамы,5
##ыту,3
зор,10
үлес,6
қосқан,4
дәлел,6
##деді,1
118,1
Поле,1
##рио,2
Му,2
##цио,1
га,5
##бит,2
дебют,1
патша,5
келесі,7
##істер,1
басталады,3
119,1
кн,1
##язі,1
120,1
идеялар,2
ғасырлар,5
демократиялық,1
бастау,4
121,1
122,1
##ос,4
жедел,3
алдын,3
шара,5
барысында,3
ю,1
##вена,1
полиция,2
инспектор,1
##лалар,1
сая,4
##тарда,6
жерлерде,1
жастар,3
##алат,1
сауық,1
орындарында,2
рейд,1
жұмыстарын,2
жүргізу,1
123,2
124,3
шараларды,2
той,4
##мыз,11
125,1
су,36
ресурстар,8
##еде,11
##рал,11
дайын,14
РФ,8
##шылығы,10
аудан,25
##даст,11
##ыру,8
жөніндегі,10
ге,17
##оа,9
##парат,8
126,1
Ил,1
##анг,2
ила,1
##нг,3
##хи,5
##дея,3
майы,2
аталатын,5
ан,2
жататын,5
##роп,2
өсімдік,1
гүлдер,1
127,2
Президент,2
инвестиция,2
министрі,1
##ңіс,4
Қасым,2
##ұтты,3
128,1
қанша,5
қызық,2
ман,3
##сап,2
қолы,3
келем,1
класс,2
старост,1
129,1
##ұлы,22
##бет,9
кезінде,14
авто,3
##номия,3
мәртебесін,1
130,1
Іс,2
қорытындысы,1
аэ,1
##ғары,1
##ерде,5
ақпараттық,4
холдинг,1
Ата,1
##мек,3
ІТ,1
компаниялар,1
##социация,1
арасында,10
##морандум,1
қойылды,2
131,1
қан,4
132,2
Алайда,5
##мя,2
бұған,5
##нды,6
қарсылық,6
көрсетті,5
337,3
##ап,12
297,2
Па,11
##рсы,2
##рс,6
Рим,2
император,1
Ди,5
##ок,2
##лети,1
арасындағы,5
доста,1
##стық,2
жиырма,2
созылған,1
363,2
жж,2
бастады,14
133,1
661,4
қаңтар,4
Әл,9
ибн,2
Әбу,1
Та,15
##либ,1
##фа,5
қаласында,3
намаз,1
##ду,2
##рах,2
##джи,3
ул,1
##анған,1
басына,2
жарақат,2
салады,2
134,1
категория,3
135,3
##лков,1
##ци,4
Болгария,2
ауыл,8
136,1
##тал,7
орман,3
ағаш,9
137,1
222,3
##54,1
138,1
Негізгі,3
бағыты,2
қоғамдық,4
саяси,8
салада,1
акту,1
139,1
Гал,1
##ои,2
кездеседі,3
140,2
Ү,8
түн,5
майда,1
жете,8
әкелді,1
жұмсақ,1
мамы,1
төсек,2
##тайт,1
141,1
Бид,2
##оз,6
дән,1
##лесіп,6
көк,10
е,11
##лген,9
бастайды,4
142,1
##юр,3
##но,2
ле,1
Франция,7
143,1
Дегенмен,2
сот,10
жабық,1
өту,2
журналист,2
##ерге,2
мәлім,4
##дел,5
144,1
жанында,5
физика,2
медициналық,2
химия,6
математика,8
старт,1
##еги,1
зерттеулер,6
психология,3
музыка,1
##тану,3
##хе,3
##ология,5
еврей,2
құқығы,2
Гала,1
нан,4
##оте,1
##нол,1
##огия,3
институт,2
атқару,2
145,1
298,2
дау,6
146,1
Аяз,1
жауын,5
шашын,5
ауа,4
райы,3
##тайтын,1
анти,5
##клон,1
##реп,3
шығыс,10
##гіне,3
147,3
олардың,10
жеріне,5
келгенде,11
##алған,4
148,2
демек,1
мынау,3
##уыз,2
адал,2
бетіне,2
##лама,7
149,1
640,2
желтоқсан,7
150,2
Электрон,1
##же,10
##улік,1
рентген,1
аталады,1
151,1
1980,2
1983,2
Ко,12
##мпа,1
##ясы,3
##об,3
аудандық,6
үг,4
нас,4
##их,6
бөлімінің,4
##ушы,9
1991,3
идеология,1
меңгерушісі,4
152,1
дем,3
қашан,2
тау,7
153,1
1834,2
қыркүйекте,2
Джон,3
##шел,9
аст,9
##рон,7
##омы,3
ашқан,7
NGC,11
711,2
##9,2
154,1
##ғанда,5
түрінде,1
155,2
2050,1
бағдарламасы,1
2014,1
Шығыс,2
Қазақстандағы,1
кәсіби,2
техникалық,5
беру,5
ұйымдар,4
грант,2
орындары,4
бөлінген,1
156,1
Он,4
жасқа,3
анасы,5
Лос,3
##дже,2
157,1
Еске,10
кетейік,10
ресейлік,3
Сирия,1
ДА,1
##И,1
##Ш,2
соққы,5
158,2
491,2
##4,3
Cane,1
##s,1
Ven,1
##atic,1
E,3
эл,1
##лип,1
##стік,14
159,1
##ый,2
сотқа,3
шағым,2
##іні,10
баспа,4
босату,1
талап,6
еткен,7
160,1
Май,1
##лин,2
I,1
161,1
Нұр,10
Сұлтан,7
қаласының,3
туған,6
күнін,1
мереке,2
##леу,8
аясында,3
жуық,4
ұйым,3
##лады,8
162,1
374,2
163,1
Ел,12
##орда,1
қызметтік,1
есірткі,1
##герлер,3
##рған,11
герои,1
тауып,5
164,1
неғұрлым,2
##тама,1
берген,9
Мак,2
##дис,1
Мир,1
##ки,2
орташа,4
##мақ,12
бекем,1
##делген,2
##малы,2
165,1
##еру,1
##ндағы,6
i,1
санал,1
##сi,2
##ресе,2
XIV,1
Но,8
##уе,3
сарай,7
##iнде,1
##iне,2
танымал,3
жазады,1
##дi,2
зерттеуге,2
##iң,1
бел,7
##гi,5
##лi,2
ғалым,6
Серік,2
##ғали,3
166,1
Үкімет,3
саласын,1
дамытудың,1
2030,2
дейінгі,6
бағдарламасының,1
шараларын,2
тапсырды,3
167,1
Гай,1
Ю,4
168,1
##үс,14
##ындағы,6
169,1
Қазақстандық,4
Qaz,1
##Co,1
##vid,1
in,1
вакцина,2
биыл,3
сәуір,6
айының,2
соңында,4
алады,8
170,1
р,7
##су,4
й,1
ны,7
##ғыз,8
л,1
##тас,19
##гіп,1
гі,1
сік,1
171,1
Фильм,1
##кері,6
Сан,4
##ть,1
##яг,2
тұрады,4
істейді,2
172,1
##ах,6
##пада,2
метр,7
##стырылған,1
##гемен,2
деци,1
##метр,3
##сік,2
##термен,3
173,1
##сан,2
##ё,1
Ресейде,8
174,1
әлемдік,1
деңгейдегі,2
сер,8
орындарын,3
арнайы,4
175,1
аренда,1
мерзімі,2
##іткен,7
қарама,4
##ғына,12
түседі,5
176,1
##тер,27
##венция,1
үкіметі,6
КСРО,6
қару,7
орналастыру,2
жен,1
келісім,1
177,1
2007,2
750,4
178,1
BA,5
##Q,6
KZ,6
179,1
##ста,10
операция,3
шұғыл,4
жүргізіліп,1
##шу,3
##ице,4
##йлер,4
кенеттен,1
180,1
##БТ,1
тапсыру,2
Ерлан,1
##диев,2
181,1
Ален,2
##жу,3
309,2
##3,3
182,1
Ц,1
##зин,3
кампания,1
аяқталған,1
1235,1
шеш,16
183,1
##мм,11
INSEE,7
562,3
##18,1
##20,1
184,2
құпия,1
дауыс,5
##ланатын,1
185,1
##утки,1
186,1
##жо,1
ғасырдың,8
көркем,4
король,1
##ысты,6
##тардан,2
##калық,2
әке,10
##лін,5
Сара,2
мәдениет,5
##ьер,1
##изм,6
дамуына,1
ықпал,6
етті,8
##арында,1
майлы,2
бояу,4
##лармен,2
портрет,2
жазу,4
өнері,9
идеал,1
көрініс,4
тапты,4
Аб,4
##сол,4
##юы,2
ғасырда,3
мон,5
##арх,1
жеке,12
бил,1
##ігін,9
мада,2
##қтау,4
міндеті,1
Бей,2
1648,1
архитектура,1
1671,2
Король,3
академия,6
##ласс,2
элементтері,1
Париж,3
бірыңғай,1
стиль,3
қатаң,3
##ңдар,2
##кей,2
[,4
До,4
##фин,2
1607,1
Во,16
##гез,3
1685,1
##дом,1
],4
##мп,3
##ози,1
жағынан,5
##ая,1
1629,2
Ле,6
##мер,2
##сь,5
ғимарат,5
Ард,2
##эн,3
Ман,7
##сор,1
##рб,1
##онна,3
арка,3
салынды,3
сыртында,1
замок,1
сырт,5
бейнесі,2
өзгеріп,1
##ндер,3
айналды,6
ішіндегі,6
әйгілі,2
##рса,3
Лев,3
##сар,4
жобалау,2
##нот,1
ортасына,1
жетекші,6
бен,5
без,7
##ендіру,1
##асан,1
жұмыстарына,2
басшылық,3
##ыбы,3
##бр,1
кезіндегі,2
Ва,6
##тт,2
нәзік,2
психолог,2
көрінісі,2
рок,1
##око,5
стилі,1
қабылдаған,2
Буш,1
##гері,5
##ализм,1
##тур,1
##удо,1
187,1
қазақтар,9
##ъезде,1
Орал,5
облысының,9
##ез,8
##інен,12
Тек,6
қаланың,4
цирк,4
##ъезд,8
ашылды,1
##рма,5
үстел,4
құрып,2
##рес,2
І,10
##штер,6
оқыған,7
әйелдер,3
тұрса,2
##ъ,3
губ,1
##ерни,1
##мағы,5
жиналған,6
мең,3
Қазақстанға,2
##але,6
##см,4
##ша,23
##ұрылып,3
жіберген,2
осының,2
дегенде,2
кісі,18
##ңіл,4
##ұрт,3
##зілі,5
бөлек,5
болғанда,5
астында,6
##лем,4
##генде,5
ұзын,8
##әй,5
мана,2
##ура,5
##пта,6
##сті,13
шек,7
күміс,2
кеме,3
##беу,1
##шат,1
тор,4
##екке,1
көзін,8
асты,6
қояды,5
басқармасы,3
қараған,3
итте,1
##рінде,2
әлгі,7
жердегі,3
188,1
Павлов,2
189,1
190,1
себептер,2
##лып,13
191,1
Өз,10
##әс,7
ашып,6
әлеуметтік,4
тартқан,3
##бала,2
аналар,2
192,2
У,8
##қтары,1
193,1
мыс,2
импорт,1
Германия,4
194,1
##евски,1
##йді,3
1771,1
1829,1
##ске,22
##ынын,1
195,1
##бис,1
Бах,1
##аи,2
Индонезия,1
Мал,10
##ьта,1
Ми,3
қолданған,3
196,1
Кейін,7
біртіндеп,2
эт,1
##носта,1
фар,2
##ліктер,3
ис,2
##қтар,4
##тла,1
##ндық,2
##ланд,3
##рк,2
##ней,2
##еб,2
##рид,2
арал,3
ғ,8
лар,3
дат,3
тілі,5
іскерлік,1
құжаттар,1
но,4
##рв,2
##ег,3
тілін,2
шығарды,1
өнеркәсіп,2
дамуы,1
тәуелсіздік,1
күрес,6
дың,1
ұшыраған,2
ри,2
##кс,1
##мол,1
әдеби,1
орнына,6
әр,12
түрлі,10
##кті,11
##ест,4
елдің,7
енгізілді,1
197,1
##кек,1
гори,1
##лла,1
хай,1
##аттар,1
##ғының,5
##йне,2
##шау,4
сек,2
##іріп,2
сынды,4
жазда,7
##ленген,5
Youtube,1
желісі,4
жүк,2
##тел,5
198,1
Сен,7
##дердің,11
##алар,4
больше,1
##вик,2
па,4
199,1
2008,1
2000,2
тіркелген,1
##ріс,5
қысқа,12
тығыз,1
201,1
сөзінде,1
тұратын,5
қиындық,2
202,1
Бұрын,2
##еуі,9
оз,1
##таған,6
өг,1
жеп,5
203,1
шамамен,5
жасында,4
##расы,1
204,1
Дам,1
##удың,1
артта,1
қалу,4
үнемі,2
сүйек,2
фосфор,2
кальций,2
алмасу,4
##ресте,2
ом,4
##тқа,3
сегіз,4
##кө,1
тегіс,1
##теледі,1
205,1
қосуға,1
тәтті,3
пу,2
##динг,1
##аты,2
206,2
##ардың,9
үстінде,5
##ти,4
##інген,2
шал,16
жазғы,1
жон,2
207,2
Көптеген,1
төрт,10
кезең,4
толығымен,1
дерлік,1
кар,1
##бон,1
##атты,3
##былған,1
208,2
схема,1
##гра,2
##рілген,4
209,2
Республикасы,5
сі,2
##әулет,5
210,1
##гад,1
істеп,4
211,1
##фен,3
пи,3
##бери,1
сорт,2
есебі,1
212,1
893,2
##59,1
891,2
##90,2
213,1
факультет,1
студент,2
фамилия,2
студенттер,1
соншалықты,2
қағаз,2
деб,2
жылап,2
тұрған,26
қызды,2
##яла,2
Үш,2
Құдай,1
214,1
Туған,1
жүрек,2
215,1
жылдарында,3
фер,2
##роқ,1
зауыт,6
металл,8
##ургия,6
##име,2
комбинат,2
шах,1
##талар,2
мұнай,4
##iп,1
##шi,1
##лiк,1
##ьев,2
##ру,16
фабрика,1
станция,3
тамақ,7
жүздеген,1
темір,6
жел,11
iс,1
қосылды,4
##тi,3
##iм,2
##iнiң,1
маңызы,4
артты,2
##iн,1
##ст,3
216,1
тобы,6
режиссер,1
##ати,1
##ха,4
Ак,5
##стам,1
##ірді,4
дерек,2
фильм,2
әлемге,2
бастаған,9
217,1
##кул,2
Баш,3
##стан,12
##урга,1
ауданындағы,3
##яче,1
ауылдық,3
кеңесі,1
тұрғыны,3
құрады,4
218,1
Ана,12
гүл,4
жағында,7
анал,1
##ықты,3
##шап,2
пар,3
##ока,2
##кке,3
жеміс,3
##жа,9
түз,5
##ілген,6
219,1
таныстыру,3
##анды,5
барша,1
адамзат,2
түсінуге,1
элем,1
##еттер,3
енгізіледі,1
220,1
Қызылорда,4
обл,1
ын,6
мұғалім,1
1942,2
институты,5
оқыту,7
1949,1
Ташкент,2
ұстаз,2
етеді,4
221,3
компанияның,1
соңғы,5
##еф,3
ақша,4
алушы,1
анықтау,3
болмай,3
##ару,1
ары,7
сул,3
223,1
мәлімет,7
Кама,4
алабы,13
##шаруашылық,3
Че,2
##ца,1
224,1
Имам,1
отбасы,3
1987,2
1994,3
##лек,4
Ка,4
##яме,2
танысып,1
1995,4
225,1
www,1
khabar,1
|,5
facebook,1
com,4
Khabar,4
##TV,4
vk,1
twitter,1
Instagram,2
226,1
Прага,1
болмаған,3
жағдайда,5
ко,2
##вид,1
##дыққа,4
##ндар,1
##стыра,3
боламыз,1
227,1
Президентінің,1
атынан,2
мере,1
медаль,5
228,1
727,2
ұялы,2
телефон,5
894,2
##гал,1
кал,2
##ьку,1
##лятор,1
ро,1
##ут,4
моде,1
яғни,4
725,2
зат,7
табылды,4
229,1
өрт,7
арты,4
сенім,5
230,1
макс,1
##лизм,1
құралдарды,1
жеткізуге,2
мақсатқа,1
##тылу,1
білдіреді,1
231,1
Менин,1
##ги,3
##ттi,1
##ұқпалы,3
саналады,4
232,2
##гім,8
әкесі,4
үйіне,2
233,1
Роналду,1
##мада,1
алған,19
234,1
##рат,6
жақта,7
##рында,3
235,1
елде,1
картина,1
негізінен,6
махаббат,1
236,1
##фет,1
##уз,3
237,1
1786,1
Уильям,2
691,2
238,1
##най,5
Александр,2
Македонски,1
өлім,5
##гек,1
сүзе,1
пн,1
##мония,1
пан,2
##кр,2
##роз,1
239,1
##раз,4
##бо,2
05,1
1932,1
06,1
1996,4
медицина,1
ғылымдарының,2
докторы,3
1985,2
профессор,4
1986,1
240,2
##іңіз,8
##йық,9
ам,3
##ерик,4
##алық,4
миллионы,1
доза,1
241,1
крок,1
##оди,1
##пти,3
күрде,2
##лене,4
242,1
құрамы,5
243,1
244,1
##то,9
##хон,2
##дри,2
##еден,1
ұл,8
##лсе,3
беріледі,1
245,1
##сел,2
сан,9
бары,1
##стырып,2
246,1
Бил,1
партиялар,2
аспект,1
##ілерін,1
қатарында,1
құрылысы,2
саласындағы,4
тәжірибесі,1
жобаларды,1
ұйымдастыру,2
##виз,1
##иялық,4
қызметті,2
кадрлар,3
дайындау,3
билік,3
ортақ,1
##татын,1
##намалық,2
органдардың,2
қызметіне,6
саясатын,2
байланыс,3
қатысу,1
247,1
Төменгі,4
##рман,4
##вад,2
248,1
249,1
болмасын,3
250,5
көбінесе,3
би,6
пик,1
##ник,1
##ысқан,4
251,1
##зе,6
##ғамбар,1
иман,2
жандар,4
252,1
Га,4
##ити,1
ойн,4
1974,1
##лігіне,5
253,1
бағасы,2
мүмкіндігі,1
қарастырылған,2
кету,3
254,1
##баева,1
Той,2
##ымды,4
айналысады,2
255,1
Денис,1
шілде,3
қайтыс,3
256,1
беті,4
ду,3
##ара,3
##тарын,3
ұсынған,1
257,1
##лке,2
тарихына,2
жарық,4
258,1
##рган,1
тіршілік,3
жағдайлары,2
бірлігі,3
арқасында,3
асырылады,1
##луы,4
##шілігі,1
259,1
Тіл,2
байланысы,3
талдау,5
тараған,2
казак,2
кост,1
материалдар,1
##нед,2
260,1
Мо,6
##амин,2
##окс,1
##ида,1
##мин,6
био,1
амин,1
##зами,1
тот,3
ката,1
##лиз,2
##дейді,3
261,1
жүргізуші,6
ашуға,1
беріліп,1
дәрігерлер,3
кетуі,3
262,1
Тез,2
##ірек,1
263,1
Әлем,3
##демия,2
қашықтықта,9
формат,1
264,1
##ана,7
##ырылып,5
265,1
##нси,2
округінің,5
266,1
хат,8
жаз,6
##ысу,2
##қап,5
ұстап,4
алуына,1
##пек,2
шешім,1
қабылдады,1
267,1
елдер,3
##әр,9
##кел,4
өткізген,1
268,1
##ебе,3
Жон,1
##герлік,1
##талып,1
орындайды,1
арт,4
##ис,2
269,1
##гин,2
270,1
күнде,4
жазған,2
##ңе,4
271,1
тұлға,3
сама,2
араб,3
тілінен,2
##ада,2
сөзін,12
272,1
жерден,3
барынша,1
##дете,3
метрге,3
273,1
сөздерді,1
оқуға,3
##ули,2
Алла,1
пад,1
##иша,1
##еген,1
##ылды,6
274,1
275,1
##нім,1
##фф,3
##ерен,2
##ация,2
##иг,2
##опол,2
##әсе,3
басу,2
көптеген,6
##аци,1
##лерге,1
##ілуі,3
ұсынады,2
br,1
276,2
Сондықтан,9
әдебиет,2
сүрген,4
##жі,2
тарихы,1
277,1
желтоқсанда,4
Hummer,1
H3,1
Тим,1
##яз,1
бағыт,2
кетіп,16
278,1
##Қ,4
##Ф,1
дека,1
2002,3
279,1
бағдарламасын,2
280,1
банк,3
теңгені,1
курсы,1
тұру,2
281,1
##қор,4
San,1
Zen,1
##o,2
282,1
283,1
##нса,1
##ба,17
##лең,1
тан,4
284,1
1657,1
Эр,3
##идан,1
##bc,1
285,1
Кор,2
##биз,1
мектебі,5
жағдай,5
1848,1
революция,3
адамы,1
##али,2
##лле,2
дүниеге,5
э,4
##кле,1
##кти,1
бетон,1
Эй,1
##фель,1
қолдан,5
Им,2
##прес,1
##сион,1
плен,1
##яр,1
286,1
Мұның,5
маңызды,5
##штен,2
##үм,4
##без,3
287,1
288,1
температура,1
##тү,8
289,1
##алог,1
алаңында,2
президент,4
##терге,2
жету,2
құралдар,1
##зір,7
##чае,1
##ва,5
290,1
Вила,1
Испания,2
291,1
##ілі,3
жұмыстарының,1
қалада,4
Бар,8
##олка,1
аталып,2
базарда,2
жаттығу,1
##рлық,3
университетінің,1
спорт,3
залында,1
##рілді,3
292,1
536,2
##7,3
Це,1
##вр,1
RN,1
293,1
2021,1
қаласы,6
##бов,1
##ттер,4
жабдықтау,1
жеткізу,2
салу,7
##лану,1
294,1
танып,1
295,1
##Ю,2
##Л,1
##Г,1
##І,2
##Б,3
##ІР,2
##АН,1
сырттан,1
табу,2
мақсаты,4
құрамындағы,2
Бул,2
##гари,1
##яны,6
##дігін,5
##ындайды,1
296,2
Жалпы,1
термин,1
##дігі,4
жерлерге,2
##дарға,6
мәрте,1
Батыс,8
Саха,1
қолданылады,5
қараңыз,1
айында,4
Август,1
ван,1
##ель,3
©,1
mu,1
##fty,1
##at,1
299,1
07,1
00,1
300,3
Грузия,2
қызығушылық,2
танытып,4
келу,3
301,1
наурыз,2
жақсартуға,2
##мс,2
Сент,1
Пан,2
##кра,2
сапар,3
2019,3
минут,2
##ратын,3
302,2
Осыған,3
ескерту,3
303,1
304,1
##вей,2
қалалық,4
##гло,1
##мера,1
305,1
306,1
307,1
308,1
##юх,1
назар,1
аудару,2
Асқар,3
Иса,9
өтініш,3
еске,11
##пел,3
##рус,5
дер,3
назарда,2
ұстау,3
310,2
##оя,1
311,1
әйел,6
бөлмеде,1
312,1
##ика,4
бур,1
##ази,1
##лде,8
##ну,6
шағын,4
кезеңі,3
басынан,1
кеш,14
313,1
##анов,4
314,1
##сер,4
қон,4
##ріп,5
қылмыс,2
мәлімдеді,4
прокурор,3
##ыды,4
##ова,3
315,1
кат,1
316,1
Гол,6
##рда,2
клубы,2
##рани,1
##слав,1
##рай,5
##кови,1
шет,2
##тет,1
қиын,2
##дат,4
317,1
318,2
Төтенше,5
департаментінің,2
##әт,2
сөндіру,2
әскери,2
бригада,2
##рылған,4
319,1
##кар,1
##чук,1
Сити,1
##гор,2
##це,1
##лец,1
##ёр,1
##лит,3
##ц,8
сый,5
##лығының,2
##ылым,2
##рю,1
##пре,1
320,1
кезегінде,1
клиент,1
қарыз,2
төлеу,1
беруге,3
құқылы,1
321,1
ІІ,5
АЗ,1
Алма,3
ни,1
322,1
жайын,4
323,1
Оны,7
көрнекті,1
##бас,5
Баян,1
хан,7
324,1
##сеп,2
##шот,1
фактура,1
тауарлар,1
құны,5
көрсетілген,3
құжат,3
325,1
##раза,3
Алтай,3
құрмет,4
326,2
##ллин,1
##рати,2
##вті,1
Республикасының,5
##сен,7
жерінде,5
327,2
##гле,1
##зит,2
це,1
##сит,1
##дерінің,4
гал,1
##ени,1
##ттің,3
өзгеруі,3
ги,3
##дро,3
##мал,1
##іті,10
##тек,2
сумен,2
##уына,13
##іледі,2
факт,1
бабы,2
##ғалды,2
329,1
пана,2
##ерін,3
таңдап,1
бүр,1
жир,1
жу,8
шөп,3
##яда,5
бірінің,1
қолынан,2
бермейді,1
қолайлы,1
жағын,3
##тағы,13
көбіне,1
##дарды,3
жалға,5
##ққа,4
байлап,5
түсетін,1
##лайды,4
түсіру,4
330,2
ИК,4
##П,4
1926,3
##ттар,2
##рап,3
болмас,2
##ши,9
##руға,1
тактика,2
қабылданды,1
##аши,1
##кта,1
##тура,2
үз,6
қызметін,6
алынған,1
##лья,1
мыңдаған,1
##муни,1
Интер,1
##наци,1
##онал,1
құрамында,3
испан,2
##шите,1
шай,14
коммунист,5
социалист,2
сонымен,4
Дж,4
##усти,1
##берт,1
демо,1
##тым,3
1937,1
жұмысшы,3
пом,1
##ещи,1
##ктер,3
жоюға,1
менш,1
айналдыру,2
жерді,3
социализм,1
прогрес,1
демократия,1
программасын,2
программасы,1
дүн,1
1939,2
қозғалысы,2
майдан,1
қана,7
кіретін,1
негізін,5
Итальян,1
##енне,1
1943,4
алғаннан,2
##таль,2
парти,3
##зан,1
белсенді,6
күшіне,1
331,1
Мороз,1
##ково,1
ауылында,3
өлшеу,1
посты,1
332,1
Шын,5
##ымен,5
дамыған,3
мемлекеттердің,1
Тәуелсіздік,2
әрине,2
бейбітшілік,1
Осының,1
##басын,1
еңбегі,4
333,2
Мысалы,4
көрсетіп,3
##дас,10
елдері,1
334,1
аралық,1
қаржыландыру,2
болдырмау,1
жүргізіледі,1
335,1
##ғып,7
олж,1
336,1
өтіп,4
князь,1
##дері,12
##рете,1
##ңді,7
аман,8
##шты,6
Кіші,3
338,1
вирус,2
бақ,5
жарым,3
339,1
##орта,1
##ары,5
##раф,1
ерекшелігі,1
Азия,4
##лықтар,5
##дығы,3
340,1
##деу,6
жыр,1
##майды,1
##рет,4
тул,2
меру,1
##ерт,2
найз,1
##ага,1
##йда,1
зу,3
341,1
ыдыс,8
сипаты,2
қызметі,3
саласы,9
##стен,2
қосылу,4
Об,7
343,1
турнир,2
сында,1
қатысып,2
##ңімпаз,1
344,1
345,2
##ыч,1
##оси,2
346,1
күшін,1
салып,17
##талған,3
##кер,2
қашып,2
істер,5
бөліміне,1
басқарма,3
347,2
жағдайдың,1
шешімін,2
348,1
Төрт,5
##інші,4
1854,1
##шыл,5
349,1
Маңғыстау,4
пер,2
##зен,1
##ханада,2
тамаша,3
##жайып,2
350,3
##зь,1
351,1
Номи,1
##кіш,5
монета,2
бүкіл,6
төлем,2
түрлері,4
жасау,2
##дану,2
банктер,1
шектеу,2
##тала,6
##рба,5
##стала,1
Proof,1
сапасы,1
коллекция,1
арналған,3
352,1
кіріп,7
барған,4
##беж,1
353,1
##ип,6
рөлін,2
##ласы,7
дос,3
354,1
тобының,3
355,1
Ұлы,4
Отан,4
соғысы,2
1941,2
Одесса,1
##ыққа,1
356,1
767,2
##ега,1
##0,5
357,1
358,1
ұйқы,5
##рива,1
##зел,1
##іс,6
із,7
##мі,2
философ,2
төртінші,2
##тол,3
мета,2
##физ,1
заманғы,2
360,2
Я,3
Мои,1
361,1
##Р,4
##ЭС,1
ін,5
362,1
Аталмыш,1
Республикалық,1
комиссия,1
тапсырмалар,2
орындау,3
Болашақ,1
стипендия,1
тағайындау,1
мәселелері,2
##анып,1
азаматтардың,1
654,2
##8,3
364,1
1953,1
365,1
Кем,1
станок,1
машиналар,1
өндірісі,2
366,2
Бірінші,4
әсіресе,3
367,1
өмірінің,2
айтқандай,2
##тегі,3
өткізеді,2
368,1
##ял,2
369,1
1835,2
370,1
экономикалық,3
##нитарлық,2
##ларда,1
қазақстан,1
##тығын,2
жағдайы,2
перспектива,1
ағымдағы,1
371,1
ғарыш,2
объект,2
##діктен,2
PGC,2
398,2
##46,1
UGC,1
739,2
MCG,2
Z,1
##W,1
##G,3
KU,1
1218,1
+,1
372,1
қытай,3
##ағының,2
жанр,1
##теріне,2
##енді,2
классикалық,1
табылатын,2
##амал,1
туш,1
сурет,1
373,2
##17,1
Өзінің,2
##энд,1
поэт,1
##ағын,2
##дерді,4
қолданады,1
375,1
құрылымы,2
376,1
Екінші,5
яр,1
##уст,2
балкон,2
көрді,7
##терді,4
барады,2
##асында,2
Артур,1
боб,1
##рик,1
қылып,1
##лді,5
тары,2
Ұзақ,1
Мартин,2
##ф,3
##ьт,1
##арда,2
алтын,7
өзінен,5
көздері,4
##тат,1
##сып,7
##арат,1
білдірген,2
бей,2
##ырақ,4
##сс,6
қағып,1
377,2
тамыр,1
##анда,4
378,1
кішігірім,1
1940,2
Жамбыл,2
##ологиялық,7
##педиция,3
379,1
Музыка,3
дыбыс,9
тудыра,2
сок,1
әрқашан,2
салдары,2
380,1
дамытуға,1
XVIII,1
орынға,2
өнеркәсіптік,2
##вол,3
күшті,1
##өн,3
##шінің,1
шебер,3
мамандығы,2
381,1
жағдайын,3
##еті,4
382,2
Стефан,1
##ио,2
##цо,3
’,2
##уил,2
383,1
##ума,4
384,1
##там,1
385,1
милли,1
алюминий,1
##ңы,5
386,1
Кол,1
##лед,1
##жд,1
бастауыш,1
сынып,5
мұғалімдер,3
мектепке,1
мекемелер,1
тәрбие,7
##шілері,3
кітапхана,1
ісі,5
демалыс,1
##балы,2
сәнді,1
мамандары,2
даяр,1
##ланады,5
387,1
жеңіске,5
жеткізген,2
##иян,3
##ею,2
388,1
Конституция,2
##стит,2
##уц,1
##йтін,2
389,1
390,1
391,1
айтылат,2
##ош,3
атақты,1
күйі,2
392,1
пакет,1
393,1
##рд,4
##жин,1
штат,1
394,1
Эн,2
##пия,3
аб,5
шамасы,3
395,1
әлсіз,2
##кент,1
396,1
##пите,2
##лий,2
##пасы,3
##бын,2
397,1
қоры,2
музей,2
халқы,5
##мыздың,2
рухани,1
өсіп,2
Кеңес,6
саясат,1
діни,1
##меге,4
##былып,2
##нс,1
1930,3
399,1
1992,2
400,2
Тағы,4
Ма,6
достар,1
ауызша,1
##егін,2
баян,3
##дайды,2
401,1
Володимир,1
Зеленский,1
2018,5
гривен,2
рубль,2
әйелі,10
мөлшерін,1
кіріс,3
жариялады,2
402,1
Газ,2
403,1
##неу,3
##нік,3
төтенше,1
жария,4
##ира,1
үйді,1
көрінеді,5
404,1
ешқашан,1
жазылған,1
жіберіп,1
##пед,4
жаман,5
##дықты,2
оқ,15
##гел,8
жазба,1
##дықтан,3
білуі,1
пары,2
алмаған,1
##дығын,3
сыр,8
ешкімге,1
таза,6
қоғам,4
##ама,3
сөздер,3
аулақ,2
көбірек,1
ойлаймын,2
##қыш,4
ү,4
##тең,1
совхоз,11
мал,18
естіп,1
шаруашылығы,7
бастығы,3
##ғат,18
ерте,3
бөлім,4
пенсия,1
жұмысты,1
келсе,4
уақытша,1
тап,12
Әйел,5
әкеп,1
қойған,5
ыстық,4
орнынан,2
тұрды,5
Ден,1
##сау,2
##ңды,6
##сың,13
алса,2
Машина,2
кеп,11
Кім,3
##лге,1
Студент,1
кездегі,2
үміт,2
##пт,3
Міне,4
магазин,2
балалардың,4
жеген,2
##хоз,5
##дарда,1
қалады,7
тұрмыс,3
үйден,2
##ққан,5
жауып,2
жерге,7
қалыпты,2
##ғаш,3
##дырып,2
толмаған,1
еркін,4
##сіп,3
##льт,1
орталығына,4
ест,6
жеткен,4
машина,18
міне,2
##үн,4
##әлкім,2
трактор,5
##лігін,4
алғыс,2
##рысты,1
әзірге,2
##ырық,12
шығын,6
Бүр,3
##сің,10
былтыр,1
дене,5
##сім,5
есім,4
қайда,7
мы,5
##фер,3
Ондай,2
әрқайсысы,2
білетін,4
##йк,1
алуды,1
білмейді,2
жетті,7
саналат,3
басшы,6
кезек,5
Анда,1
үйде,5
бөліп,6
сендер,1
##ңдер,8
##мызда,1
##была,2
дегеніміз,1
анда,1
өзің,2
қалса,3
гр,17
##месе,1
##йтын,2
Техника,1
тоқтату,1
жақтан,1
сон,7
үр,3
##пи,4
аламыз,1
##адан,4
##лод,11
журнал,5
##сет,4
##шаны,3
өскен,3
тон,2
сати,1
про,4
##раб,1
қолына,2
ұсынып,1
##далып,1
техниканы,2
тазалау,1
бөлу,1
Үй,9
##іліп,5
адамдар,3
ант,2
##алап,3
Біздің,4
раб,2
##оч,2
##ком,7
##ымыздың,2
аздап,3
атап,4
##крет,1
##арь,1
##ймыз,1
##тайды,10
қызыл,4
##деген,3
болсын,2
тиме,1
кете,6
##рм,5
секретарь,2
аралап,3
үстінен,2
ды,2
Онда,1
мамыр,2
көтеру,3
##сінен,2
тоғыз,6
##жи,5
Директор,8
##рей,3
лә,3
##оф,1
кабинет,3
##індегі,4
##ошта,6
Мына,6
хал,5
##зда,3
бақылап,1
##лей,6
Бала,6
##рел,2
##кеш,1
тілге,3
болыңыз,2
әзер,2
қайтып,5
алмайтын,1
бет,4
##рейд,4
түнде,1
жолын,2
қарағанда,2
желі,3
##кте,2
бетте,1
машинаны,2
жанын,2
жатса,3
бірде,1
көрініп,3
##ғыр,5
тартады,1
д,4
##шілер,3
ескі,4
тілінде,6
қазақша,2
тілде,9
сел,1
##данған,1
жолға,1
бетін,5
##ште,3
ешкім,6
айналып,3
бермек,1
кабина,3
##ід,3
##йра,2
##тит,1
ике,2
болуш,2
##ект,1
##ітет,1
дедім,3
Қазір,7
жетіп,4
##лж,6
ая,4
##қалды,2
##әре,1
Жаны,1
##сең,1
##етін,6
##озы,4
##шік,4
самар,1
##қау,1
##беген,1
аян,2
бетер,1
##шырып,1
##ұрақ,1
##мыс,2
айтар,4
##дата,1
Сын,2
айда,6
##лада,4
##лігі,4
сонда,5
##лс,3
басшысының,7
Оң,3
тарта,3
алдым,2
##қтап,4
##үт,8
дегендей,5
мотор,2
Таң,2
##ист,2
пікір,1
##нші,1
размер,3
ки,10
##үтпеген,1
аспан,2
##өйт,6
қойылған,1
##мес,4
түсініп,2
Ти,1
кием,1
үшінші,4
біраз,4
Бер,3
##мады,1
көрсеткен,2
Ім,1
##йлап,2
килограмм,1
##өт,14
##ере,8
аласың,2
Шта,2
##нга,1
алам,1
Ендеше,2
ана,5
##лма,4
шыны,2
##атып,3
##ңізге,1
##рым,3
##қасы,10
тос,1
##ылған,5
мұны,4
жатқанын,9
##стың,3
калды,1
минуттан,1
##жол,1
##ата,2
артқы,2
##ысы,11
келуі,2
##ітіп,3
маса,1
##тта,4
##нған,8
кетсе,6
ішінен,5
мас,1
прокат,1
Содан,5
біреудің,2
кетеді,7
жаза,7
##мнан,1
тастады,3
азап,1
##тады,2
суық,5
ада,1
күннен,1
біреуі,7
жасар,2
баланың,6
балалық,1
##рылып,3
##дам,2
##дылық,1
##инал,3
білдіріп,3
кім,6
жатты,6
##ят,2
ұрып,2
ауылға,3
үйдегі,1
әкем,1
киіп,2
еті,8
##іген,6
білмей,2
##азы,2
##маса,1
нем,3
##ырма,3
мүше,2
ету,4
жатқанда,6
шүкір,2
диплом,2
Алты,1
алынып,1
ос,2
бермей,2
##лесе,3
бастан,1
сөйлеп,4
жатқаны,3
##ыкі,1
мүлде,1
##мас,5
Одан,4
##тасын,1
тис,1
менен,1
##іта,1
автор,2
##мені,1
##рде,4
##дала,1
таныс,1
жазушы,3
жазды,1
қуып,3
авторы,2
Нет,1
кездейсоқ,1
отырды,3
Уақыт,1
қонақ,4
##ңызға,1
қосты,2
##маған,3
##пей,7
ниет,2
өздерін,2
жасырын,1
жолмен,1
бауыр,1
##ерген,1
##уге,3
атып,3
қызы,9
##би,3
тани,1
##уел,1
тірі,3
жағы,6
##пайы,2
сақтап,2
айтпай,1
аударып,1
ішіне,4
##һ,1
##аман,1
##ліп,3
десем,1
қайсысы,1
рай,2
бүлд,3
##месін,1
##шып,1
##зира,2
##еше,1
##пке,4
күп,2
сүз,1
алдынан,1
##лда,3
##гінің,2
барабан,1
есен,1
өзіміздің,2
##тр,1
##где,2
бора,3
есімі,1
##зді,1
##ане,1
үйге,5
әйелдің,3
жарқын,2
риза,1
кай,3
шыға,3
на,3
том,2
беріңіз,1
береміз,2
тыңдап,3
көн,3
тамыры,3
##ндай,3
##шан,1
есту,1
##лан,1
##быз,1
кедей,1
##лмайды,2
душа,1
##өс,3
##зын,2
жұрт,5
ад,1
еш,2
##йс,2
Ши,2
##станда,2
талай,4
из,1
Үйге,1
ұсыныс,1
мүлдем,1
пеш,5
сос,3
екіншісі,2
Пеш,1
бұрыш,1
ап,2
##чкан,1
мама,1
##уді,2
папа,1
##йна,1
отыратын,1
кірді,4
##паса,2
Кішкентай,2
қабырғаға,1
шир,1
кап,2
ересек,1
қолымен,1
коя,1
##ерді,2
міндеттерін,1
атқарып,1
жанындағы,2
##икул,2
жолды,1
баратын,1
##ріңіз,1
бул,2
##ьд,8
##озе,2
алмайды,2
осыны,2
##қады,2
##она,1
##урын,1
лып,1
дайындауға,1
қарамай,1
әйелдердің,2
##пс,5
##зик,1
сола,2
таратып,1
артына,1
Келесі,1
әлдеқайда,2
жүгіріп,2
қонақтар,1
қасық,2
##рж,2
##ит,6
Ту,1
##песе,2
##ғыны,2
көреді,2
##олы,2
##іккен,3
##азан,1
##наш,1
асып,2
тезірек,1
содан,1
##әл,7
Көл,18
ашылған,2
бу,4
##байды,8
##лет,5
төменгі,3
##рына,2
байқалады,2
##ығын,1
Себебі,4
берер,1
себеп,6
Басты,5
айтса,1
##нән,1
амал,1
Биылғы,1
өзіңіз,2
кінәлі,2
##ән,1
##ным,4
##зад,1
жағдайларды,1
Тур,2
салам,1
отыру,3
Дұрыс,1
жалаң,1
ұмытып,4
жабайы,2
##қыту,1
жанып,1
биылғы,2
сыйлық,3
малым,3
ота,8
##рлары,2
жинап,1
алыңыз,1
десе,1
жүрмін,1
##амыз,4
Сот,2
##аңыз,1
##таңыз,1
##ткен,1
астындағы,1
##нып,1
саған,1
тәртіп,4
көздің,1
қант,3
кыр,1
##гілі,1
##айы,1
##үйіп,1
##нә,3
боз,2
әділ,3
батыл,1
##аз,2
сем,3
##ора,3
##іміз,2
рас,5
Бізге,1
мая,1
Ме,6
##рак,1
##тор,5
өтірік,3
Күз,1
Ті,1
тастайды,1
##үз,1
##ұрған,2
сұрау,2
она,1
##бан,3
орындалуы,2
##луын,1
басшылары,3
##лесу,1
##шай,1
##уды,1
бастысы,1
шындық,3
##рар,2
##шына,1
##рмайды,1
алдық,1
соған,1
##зем,1
##ырылған,1
істей,2
акт,2
##йм,2
##еміз,1
дәрігер,4
##летін,1
##ылатын,2
##деп,3
болдық,1
уш,1
ашылып,2
ортаға,1
даста,3
соңы,2
##терде,4
##елер,3
Сама,1
##уыр,2
теге,2
сир,1
үйдің,2
##шт,2
##еле,3
санын,1
өй,1
цифр,2
малы,1
##айтын,2
бекер,1
##уре,1
Сізге,1
гу,1
жібереді,2
Соның,2
кешірім,3
##қыт,1
##оқ,2
ло,4
жасай,2
Заң,3
Жұмыс,1
олай,2
балам,1
артқа,1
##налу,2
##усы,1
дар,1
Алдын,1
алар,1
тын,2
мұның,2
##ніс,1
қосылып,1
көрші,1
##наған,2
борт,2
тонна,3
##пес,2
бид,5
бекітілген,2
##байн,2
барам,1
жігіттер,2
салуға,2
уәде,2
##хана,3
уч,2
##келі,1
милиция,1
төн,1
##лерде,2
##діл,4
жазасын,2
алсын,1
пікірін,2
кол,1
##дардын,1
##ылуы,1
тигізеді,2
мысал,1
##дайтын,2
қатал,2
жалба,1
##рыны,2
##іскен,2
##оп,4
##талды,1
теж,2
Бат,1
##ыма,1
кішкентай,1
##танып,1
біле,2
әдеттегі,3
жаңалық,1
ұйықтап,1
балаларын,1
##егіне,2
##иса,1
Бүгінгі,1
##ум,1
дегенмен,1
405,1
Него,1
406,1
Азамат,1
407,1
иісі,2
ондай,2
нанд,1
##мның,1
көпшілік,3
бақыт,1
мәселе,2
білді,3
##амын,1
Жастар,2
ән,4
ойнап,2
құлақ,2
408,1
Алтын,2
##лығына,1
маман,2
қызметкерлері,2
409,1
##рой,1
шығу,1
тегін,1
зер,3
грек,4
атасы,1
мил,1
есептеледі,2
##вил,1
Египет,1
қаншалықты,2
айналған,1
фигура,2
болғанымен,2
философия,1
Алғашқы,1
##данд,2
Математика,2
##остан,1
табуға,1
логикалық,2
келтіруге,1
принцип,9
##цу,1
##тылды,3
тело,1
##ометрия,2
қасиеттері,2
диаметр,1
##бер,4
бөледі,1
##лгі,1
мектептер,1
бөлінді,1
##ифа,3
410,1
Өрт,1
411,1
##росс,1
412,1
Режиссер,2
413,1
аралығында,3
414,2
##хаг,1
##од,1
##зил,1
тер,6
##рор,1
Terror,1
of,2
Mech,1
##ago,1
##dzi,1
##lla,2
415,1
416,1
##мнің,1
##ретті,1
асыруға,1
кедергі,1
417,1
ей,1
жарылып,1
418,1
аппарат,2
##орлар,1
419,1
таңертең,2
##дром,1
РМ,1
##К,9
##ливи,1
421,1
Англия,3
қолдау,4
Эдуард,3
##ли,2
ағылшын,3
III,1
422,1
423,1
##онд,1
424,1
425,1
426,1
күнді,1
427,1
жатырмыз,2
##ласт,1
428,1
тілдің,2
429,1
Музей,1
барлығын,1
431,1
Бек,2
##енов,1
##хай,2
##лых,1
##анат,1
##хам,2
##дае,1
432,1
деңгейіне,1
2300,1
433,1
ханның,2
ұрпақ,2
##енген,3
жерлер,4
1227,1
шаң,2
##ғол,1
жері,2
##лікке,2
болғаннан,2
жүргізді,2
434,1
Мәселен,1
##arko,1
##ur,1
##рме,2
қатысушылар,1
Q,1
##yz,1
##ylo,1
##rda,1
zh,1
##asta,1
##ry,1
іріктеу,1
Kr,1
##ump,1
Ballet,1
фестивалі,2
Street,1
workout,1
вар,1
K,1
##zo,1
vine,1
вайне,1
атты,2
интеллект,2
##уал,4
##пул,1
##ьс,2
хип,1
хоп,1
Зам,3
##уи,2
биле,2
мастер,1
класы,1
Кр,3
##осс,3
##фи,1
ұйымдастырылды,1
435,1
бізге,1
436,1
##геру,1
##вер,2
##тігін,4
ескере,1
қаржы,6
2026,1
437,1
438,1
Жана,1
##манов,1
##Ж,2
##З,3
АҚ,1
төрағасы,3
439,2
440,1
шары,1
азық,1
түлік,2
айту,2
441,1
Оливер,1
Н,10
##чам,1
көзге,1
442,1
Дина,1
##грам,2
жүргізеді,1
443,1
Оңтүстік,3
Қытай,4
Boeing,1
777,2
Пекин,1
444,1
Сыр,2
##дари,1
тасып,1
##ЖД,1
445,1
осыған,4
##лса,1
446,1
соттың,2
үк,1
##імі,2
сабақ,2
447,2
оба,3
құнды,1
деректерді,1
диаметрі,1
*,5
##аб,1
қола,6
##ышты,2
##жар,2
жанына,2
сада,1
448,1
жауапты,2
##шылардың,2
есеге,1
дан,2
уақытқа,1
кездері,1
450,1
Үйл,1
451,1
ауыр,5
үйлер,1
дәстүрлі,2
тағам,1
452,1
453,1
Хо,4
##сок,1
##ава,1
##уд,2
##ака,1
##бу,3
##нага,1
454,1
##біг,1
455,1
болжам,2
##еро,1
##дот,1
ски,2
##гап,2
##нур,2
Иш,1
##рта,1
##аның,1
##дид,1
заманында,1
##ерс,2
орд,2
құрылған,1
баба,1
456,1
##ссия,1
көлемі,2
доллардан,1
нар,1
##ығының,1
Kurs,1
порталы,1
457,1
458,1
488,2
459,1
##чано,1
460,1
620,2
##81,1
628,2
##60,1
461,1
заттардың,1
##кал,2
цикл,1
462,1
тауар,1
өткізу,2
құрылымын,1
салмағы,1
пайызды,1
сектор,1
463,1
Айта,5
Геннадий,3
##овки,3
әлемнің,3
##мейтін,1
бокс,5
464,1
##онт,1
465,1
466,1
талантты,1
болашағы,1
##ради,1
##мите,1
##бола,1
##ченко,2
##дида,1
жұмысқа,1
467,1
Eh,1
##arm,1
##ony,1
##ална,1
468,1
##48,1
ESO,1
482,2
NP,1
##M,1
008,1
469,1
##М,5
##ІІ,2
грам,2
##ота,2
Ішкі,3
үздік,1
белгісі,2
мар,4
##атта,5
470,1
471,1
Департамент,1
707,2
қосады,2
472,1
573,2
##03,1
572,2
##80,1
473,1
тағамдар,1
##мент,2
шығару,8
474,1
түрк,6
өкілдерінің,1
##лос,2
көзқарас,1
475,1
1967,1
бірлік,1
секунд,1
631,2
770,2
##ома,3
##гни,3
##ттік,2
##лену,3
##шей,1
476,1
форма,2
жолдар,1
сим,1
477,1
зардап,1
шеккен,1
478,1
##істі,1
газет,1
##ірт,3
##ерка,1
##тка,1
плюс,1
Металл,1
##ург,1
Второе,1
счастье,1
Вече,1
##рн,1
##яя,1
газета,1
Темир,1
##ский,1
рабочий,1
газеті,1
Экс,1
телеканал,1
##фера,1
ТР,2
канал,4
ТК,1
сандық,2
телевидение,1
радио,3
##кана,1
Радио,1
479,1
Кад,1
##рлар,1
автомат,4
##ынып,1
480,1
Астанада,2
еліміздегі,2
##іміздің,1
##сқан,1
мед,1
соның,2
481,1
Эль,1
Жоғарғы,5
##ейн,2
ха,1
##хин,1
тіліндегі,2
483,1
сайлау,3
комиссиясы,1
##әжіліс,1
VII,2
депутаттары,1
484,1
Қырғызстан,2
тұрғын,4
485,1
г,3
##вард,1
##шыларға,2
##берген,4
ауылының,1
тұтас,1
судан,2
асқан,3
486,1
##ланг,3
созылмалы,2
487,1
Марин,1
##ья,1
Гранд,1
Карл,3
сыл,1
1395,1
##ац,1
##ско,1
ген,2
##цог,1
титул,1
489,1
эм,2
##оци,1
##нар,1
бағалау,2
490,1
жолына,1
##ңде,1
Белая,1
492,1
нәтижесі,1
493,1
коэффициент,1
мән,7
едәуір,2
жылдам,1
494,1
арман,2
495,1
##олу,1
Мени,1
##йо,1
496,1
Мюнхен,1
1933,1
кино,3
жылдардағы,2
Дүниежүзілік,1
##уни,1
партиясының,4
497,1
498,1
Макс,1
План,1
институтының,1
суда,3
Pseudomonas,1
syr,1
##inga,1
##e,2
Lent,1
##a,1
ru,1
499,1
##таны,1
##нсе,2
өміріне,3
мәні,2
2012,2
мамырда,2
2016,4
айына,2
Марокко,1
##шісі,4
қоса,4
атқарған,2
Алжир,1
Де,3
##мок,1
Республикасында,2
Тунис,1
501,1
502,1
тұтыну,1
бұйымдар,2
сұраныс,1
503,1
Университет,5
504,1
Әр,3
банан,1
әртүрлі,1
505,1
Дар,1
##шта,3
506,1
##ён,1
##езд,1
кун,1
000,1
507,1
##рбия,2
жерін,1
##сман,1
ез,1
Австрия,1
империя,1
508,1
раунд,4
509,1
08,1
510,1
##рета,1
##нь,2
##рби,1
511,1
##һа,2
еліне,3
математик,2
жарыс,2
олимпиада,1
байр,1
##мызды,1
орайда,2
512,1
513,1
туып,2
Бен,2
##едет,1
514,2
##шал,5
515,1
##уй,1
##уо,1
516,1
рейтинг,2
поисках,1
Дон,1
##хот,1
##иро,2
қолданылған,1
517,1
##аев,1
во,1
518,1
белгіленген,1
519,1
мықты,3
биіктігі,2
520,1
##ланған,7
наурызда,1
##Э,2
құқықтарын,1
аумақтық,2
департамент,1
823,2
сына,2
##ктеп,1
521,1
сайынғы,1
айтылады,1
522,1
##ень,1
##га,2
523,1
524,1
Siri,1
525,1
ауданының,1
526,1
527,1
Сада,1
##зба,2
1915,1
1918,1
Уфа,1
528,1
529,1
##нында,1
530,1
Богдан,1
531,1
Аз,2
532,2
Pajero,1
533,1
##зін,3
##ыстырып,1
лайықты,1
534,1
дөңгелек,2
535,1
назарын,1
имен,1
537,1
мүшелері,2
##біне,2
түсінік,1
538,1
бізде,1
нашар,2
539,1
##лки,2
##шка,1
540,1
бастапқы,1
Назарбаевтың,1
Порошенко,1
айл,2
541,1
##ені,4
адамдарға,1
әйелдерге,1
##тыла,1
Бұған,2
құрметті,1
турат,1
салт,1
көлденең,1
әдетте,2
баласына,2
ауылдың,1
кесіп,3
##рле,2
азамат,1
жастардың,1
бұлшық,1
жасайды,3
сөздердің,3
##қырлы,2
##рлы,1
халқының,2
542,1
##ндегі,2
kris,1
_,2
p,1
brothers,1
543,1
##ндік,2
1920,1
544,1
бойымен,1
##зар,2
барды,2
545,1
##санд,1
546,1
Андрей,1
балалары,1
##гізетін,1
##рысып,2
547,1
Мы,4
тұрғындар,1
грани,1
ені,2
##дарының,3
айқын,3
548,1
549,1
##дыры,2
550,1
##В,1
##ган,1
##ск,2
551,1
552,1
##ракция,1
бюджет,1
сараптама,1
жүргізілді,1
сондықтан,1
Қоғамдық,2
қарау,1
миллиард,2
##рту,3
ұсынылады,1
553,1
##стов,1
554,1
Маша,1
##рип,1
555,1
дамуын,2
556,1
Чех,3
Нина,1
Зар,1
##ечная,1
ролі,1
Коми,2
##ссар,1
##вска,1
артист,1
творчество,1
театры,1
тарихында,2
Акт,2
##рис,1
др,1
##ленді,2
##хна,1
суретке,1
557,1
салдарынан,3
пайыздық,1
##шер,2
артуы,2
ақшалай,1
558,1
Ауыл,3
колледж,3
559,1
560,1
спира,2
млрд,2
жұлдыз,1
құралған,1
ядро,1
561,1
Тест,1
##уден,2
мыңға,1
##айт,1
қалдырады,1
563,1
Ала,2
1290,1
564,1
құрылғылар,2
тез,1
565,1
өкпе,1
566,1
567,1
##жит,1
##ани,2
##аки,1
##V,1
талд,1
568,1
карантин,1
##дет,2
569,1
800,2
570,1
571,1
Мексика,2
##код,1
інші,1
деректер,2
граф,2
1924,1
1925,1
##ид,2
574,1
575,1
##пір,1
бат,1
576,1
балық,1
577,1
төре,3
тиімділігін,3
арттыра,1
##ақы,1
578,1
жылдарда,1
579,1
инфляция,1
580,1
қорытынды,1
Олимпиада,2
ойындар,3
1984,2
Summer,1
Olympics,1
581,1
582,1
денсаулық,1
болуын,3
қамтамасыз,5
583,1
әбден,1
##леріне,2
гул,1
Еден,1
584,1
##шо,1
##ода,1
ру,3
585,1
атындағы,5
университеті,3
586,1
Горький,1
Шекспир,1
##ауға,1
##беков,1
587,1
Шевченко,1
ши,1
##паж,1
588,1
Швед,1
ху,1
##дерде,1
589,1
Харьков,1
бітірген,4
1950,1
590,1
Киров,1
Больше,1
591,1
592,1
жарнама,1
клип,1
##сю,1
РТ,1
##РК,1
593,1
##ретін,1
594,1
595,1
неке,2
596,1
жыныстық,2
қатынаста,2
597,1
Орта,3
салмақ,2
WBC,1
WBA,1
Super,1
IB,1
##O,2
чемпионы,4
##нні,2
бап,1
Абе,1
##че,1
мек,1
##сика,2
##уль,1
Кан,1
##ело,1
Аль,3
##вар,1
##талат,1
598,1
599,1
тері,1
##нем,1
тиесілі,1
600,1
ведомство,1
тәртібін,1
өзекті,1
##ымдар,2
тексеріп,1
өңірлік,1
жаһандық,1
қауіпсіздік,1
етуге,4
##ігер,3
##естіру,1
601,1
Сергей,1
Василь,1
1960,2
КС,1
шабуыл,5
602,1
##зия,3
аймағында,1
болж,1
отырмыз,2
603,1
өнімді,1
әдісін,1
қабылдау,2
көрсету,2
604,1
##ландия,1
##шым,1
##аса,1
605,1
##джа,1
##рит,1
1968,2
606,1
##огу,1
607,1
608,1
##оним,3
609,1
Ваш,1
610,1
Сава,1
Три,1
созылады,1
611,1
Республика,1
##ед,3
дейiн,1
612,1
613,1
Самарқанд,2
қосылған,2
614,1
Ники,1
Ги,2
##нне,1
рекорд,1
##тарына,1
615,1
командалар,3
616,1
өтетін,3
фаза,1
қолдануға,1
617,1
жобалар,1
рын,1
шешімімен,1
қатысушы,1
берілді,1
New,1
York,1
Film,1
Academy,1
##дад,1
сыра,1
жобасы,1
Один,1
Да,7
##льми,1
618,1
##ево,1
##лю,1
халықты,2
ісіне,3
619,1
##яс,1
тұлғаның,1
құқықтары,3
өмірде,1
шаршы,2
621,1
##рия,2
##йр,1
622,1
2013,1
Швеция,1
ойында,2
капитан,1
623,1
##нкер,1
##сия,2
624,1
##хмет,1
орындар,1
625,1
Эш,1
##тре,1
##мад,1
кірген,1
626,1
Із,2
жоғалып,1
бүгінгі,1
министр,2
627,1
730,2
жайлар,1
көбі,1
629,1
Ад,2
##рият,1
орналасуы,1
630,1
##бү,1
2017,2
мүлік,2
аппараты,2
бұқаралық,1
құралдарын,1
##улы,2
қабылданған,3
қатынастар,3
тел,1
берсін,1
##мана,1
№,1
бейім,2
632,1
##ларында,1
Иран,1
Перу,2
633,1
халқына,1
режим,1
әрекеттер,2
саласына,2
634,1
642,2
S,1
635,1
##кин,3
##гил,1
тепе,1
аяқталды,1
1979,2
кері,1
мәжбүр,4
1880,1
1881,1
##ларының,2
636,1
жабдықталған,1
ARA,1
##BS,1
##AT,2
INTE,1
##LS,1
сп,1
##утник,1
пайдалану,3
Африка,1
OR,1
##BIT,1
транс,1
##ляция,1
мүмкіндік,2
637,1
режимі,1
мүшелерінің,2
қатынасы,2
638,1
Өзбекстан,2
тұңғыш,1
куб,3
гол,1
639,1
салынат,1
экспорт,1
##лмеген,1
көмектесу,1
бағытта,2
##былды,1
641,1
эксперимент,1
мәліметтерді,1
тәуелсіз,1
##алы,2
мектепте,1
##рылады,1
басқаша,1
##нады,1
##Ғ,1
##Т,4
##Ә,2
мекемесі,1
643,1
##оре,2
##гели,1
Eduardo,1
##regel,1
##ia,1
hetero,1
##phy,1
M,1
Pop,1
атады,1
644,1
1904,2
диабет,1
ауруы,1
ауырып,1
645,1
##рона,1
646,1
Бразилия,2
нәтиже,2
чемпионат,2
647,1
951,2
##69,1
954,2
##50,1
648,1
жасыл,1
##ерия,3
жоспарлап,1
велосипед,1
жасалады,2
649,1
##ко,3
Све,1
##лов,1
650,1
Андре,1
##торий,1
ХІХ,1
651,1
ТМД,1
мемлекеттер,2
кеңесінің,2
нәтижелері,1
652,1
температурасы,3
653,1
1756,1
##ҚО,2
##өз,2
тартымды,1
ахуал,1
құруға,2
инвесторлар,1
қалыптастыру,1
655,1
656,1
##ром,1
##кот,1
657,1
қайраткері,1
##ужа,1
балаға,1
658,1
Эс,1
Сад,1
659,1
##алып,1
##мати,8
әрекет,5
компонент,1
патология,1
##қд,1
тілдік,2
болі,1
##дылар,1
инженер,1
##стик,1
##уляция,1
##іст,1
##ато,1
табады,2
туа,1
себептен,1
шарт,4
бағдарламалар,2
әрекеті,2
##раты,1
эпизод,1
##дая,3
##хия,1
өзінде,1
эли,2
##мина,1
оқиғалар,1
сигнал,1
стимул,1
қасиет,3
операциялар,1
##омат,1
##изация,1
өздігінен,1
асады,1
қажеттілігі,1
##дс,2
##им,1
##тандыру,1
жүйке,1
бүл,2
##детеді,1
##вд,1
##ете,1
660,2
##разу,1
##ющие,1
##адки,1
булан,1
кабат,1
662,1
Павлодар,2
облыс,1
663,1
664,1
қаза,2
##сіздік,1
665,1
алдымен,1
Комитет,1
қоғамға,1
Ани,1
Хилл,1
##лауға,1
ку,2
рұқсат,1
##жела,1
зорлық,3
зо,2
##мбы,2
Томас,2
сақтауға,1
666,1
667,1
ң,1
базар,1
##мете,1
енд,1
нде,4
##аби,1
##бол,2
668,1
##акт,3
##ивті,3
##илл,1
дүр,1
669,1
##һаз,2
670,1
атам,1
##зам,2
##латып,1
671,1
аймақтық,1
команд,1
##ование,1
##иба,1
мерзімді,1
түсіндіру,1
жүргізілген,2
айтады,1
672,1
673,1
жыныс,2
674,1
675,1
шөл,1
676,1
677,1
1914,1
ард,1
##аг,1
саласының,1
қызметкері,1
678,1
жиі,3
қолданылатын,1
модель,2
Этим,6
##лмасы,1
тұрғыдан,1
фоне,2
##ант,4
критерий,5
дұрыс,3
өзіндік,1
ерекшеліктері,1
заңды,5
син,2
бағыттағы,1
қойылатын,1
Фон,3
жүйесіне,2
##гар,1
##мони,1
##сим,1
##иля,1
##тігі,1
##тыру,2
##го,3
##гия,1
##узи,1
алуан,3
##лықтарды,1
##руд,2
негізде,1
Лек,1
##сем,1
жасалатын,1
құрылысын,2
##лкі,1
грамм,2
тұлғалардың,2
процесін,1
негіз,2
лек,1
тану,1
Сем,1
тікелей,2
көне,1
679,1
680,1
санының,1
қатерлі,1
аурулар,1
туу,1
681,1
##чу,1
682,1
683,1
##щен,1
##ское,1
село,1
684,1
685,1
ОС,1
686,1
Син,1
687,1
688,1
689,1
##ери,1
##ди,1
690,1
##шен,1
Мета,1
жасанды,1
проте,1
##шектер,1
сынға,2
бекіту,1
692,1
693,1
694,1
RA,1
ресми,2
02,1
695,1
##ісу,1
талаптар,1
биология,2
696,1
Игорь,1
##эй,3
Марио,1
##ерна,1
Федор,1
##олов,1
697,1
698,1
##жное,1
##лал,1
699,1
##мета,2
поля,1
700,1
1776,1
701,1
##ият,1
##керлік,1
мектептің,1
сапалы,1
##нова,1
педагогикалық,2
білікті,1
702,1
АС,2
##СР,2
##байжан,1
ССР,3
##руз,1
##чень,1
Ин,1
##гу,3
703,1
##еж,1
704,1
##эш,1
суреттер,1
705,1
Оқу,1
Арсен,1
##фильм,1
##сту,1
1962,1
706,1
##ало,1
708,1
командасы,2
ерлер,1
709,1
##рек,4
710,1
##лиев,1
1935,3
##сай,1
Кам,1
##енка,1
1989,2
ака,1
экологиялық,1
климат,1
қорғауға,1
712,1
адамнан,1
қоныс,1
713,1
##тынан,1
қазақстандық,1
714,1
Ева,1
##ерон,2
Эл,2
Свята,1
##вита,1
романы,2
715,1
стихи,1
##ялы,2
үкімет,3
аймағы,3
Көк,2
ауданында,3
Има,1
Ислам,3
азаматтар,1
әкімі,1
жинау,1
маусымда,3
##лығымен,1
партиясы,1
Го,2
Ұлыбритания,2
дипломат,1
барлау,1
##банд,1
жүргізген,1
пайдаланған,1
го,2
Түркістан,1
аталған,1
халықтың,2
Ұлт,1
азат,2
##жада,1
ұйымы,2
##занд,2
жұмысын,1
болашақ,1
##лені,1
716,1
717,1
колхоз,1
718,1
719,1
тури,1
720,1
аталмыш,1
елеулі,1
721,1
атқарды,2
722,1
ден,1
мекеме,2
мұқтаж,1
723,1
қоюға,2
нерв,1
724,1
σ,1
=,3
##−,1
Вт,1
м2,1
дененің,1
01,2
726,1
Мектеп,1
Нью,1
Йорк,1
##рси,1
##нус,1
Колумбия,1
728,1
##әне,2
729,1
1963,1
731,1
732,1
аласыз,1
733,1
ежелгі,2
734,1
735,1
шол,1
жылда,4
қымбат,1
736,1
##ғани,1
##тесе,2
737,1
Алдымен,1
губернатор,1
Генри,1
хатшысы,1
сосын,2
1878,1
##ваа,1
тіркеу,1
738,2
Петро,1
##пав,1
##жат,1
комитет,1
сенатор,1
##ззат,1
##инов,1
мі,1
##улар,1
сұрады,1
740,1
Мой,1
прокуратура,2
Юрий,2
##жик,2
қысым,1
жөнінде,2
741,1
игі,1
##ырым,1
акция,1
742,1
##рло,1
743,1
қарым,2
744,1
дәрілік,1
##ырды,1
##паны,2
##ріледі,2
745,1
Пушкин,2
қаласындағы,1
##гро,1
##техника,1
Мәдениет,2
##ріліп,1
Мемлекеттік,1
##АУ,1
2003,2
##сов,2
746,1
##6,1
##тығы,2
747,1
TW,1
##ES,1
##CO,1
##белі,5
академик,1
Сары,2
748,1
ине,1
білі,1
749,1
топтық,1
қатысады,1
##ини,1
Ac,1
период,1
периоды,1
ІІІ,1
тобына,1
элемент,1
751,1
##был,2
752,1
##рә,1
отырысында,1
тапсырмаларды,1
753,1
##ісіп,1
##меу,1
Владимир,3
##ников,1
754,1
755,1
756,1
мектеп,1
##iс,1
раст,1
##алуы,1
училище,1
757,1
әдістер,3
758,1
көлемінде,1
759,1
Қостанай,1
химиялық,2
салон,1
760,1
##бой,1
депутат,2
қоңырау,2
хәл,1
761,1
Гори,1
##чева,1
атлетика,1
атанды,3
762,1
өткізді,1
1998,3
763,1
Си,1
##му,2
##лак,1
шығарылған,1
##рпа,1
764,1
765,1
эски,1
##здер,2
##мелі,1
дор,1
##еже,1
766,1
Биыл,1
##латын,1
768,1
##оль,2
храм,1
##блі,1
арнап,1
##фина,1
##ост,1
##гінен,1
769,1
##кси,1
тұз,1
771,1
772,1
миллионнан,1
тұрғындары,2
бүгінде,1
агент,1
773,1
препарат,1
коронавирус,1
тен,1
басталған,1
сынақ,1
азаматы,2
774,1
775,1
##лита,1
##ғылы,1
776,1
Ғылым,1
778,1
салым,1
депозит,2
кейінгі,2
пайыз,1
779,1
ярко,1
обо,1
##значила,1
актуально,1
##сть,1
систем,1
##ных,1
реформ,1
в,1
этой,1
стратегически,1
важной,1
сфере,1
780,1
781,1
782,1
олардан,1
##лати,1
##том,1
жекпе,1
783,1
784,1
##хара,2
785,1
теріс,1
бағалы,1
ус,1
##сур,1
786,1
##тае,2
болуға,1
787,1
788,1
##юк,2
妖,1
精,1
王,1
オ,1
##ベ,1
##イ,1
##ロン,1
須,1
郷,1
伸,1
之,1
Ё,1
AL,1
789,1
790,1
істері,2
тун,1
791,1
жиынтығы,1
секрет,1
792,1
793,1
794,1
1850,1
##рсон,1
795,1
##ври,1
Петр,1
##ич,1
796,1
1037,1
797,1
алғанда,1
диалог,1
##пли,2
##касы,1
##олог,1
##ртеді,1
798,1
алуға,2
беремін,2
таңдауға,1
##саңыз,1
799,1
1997,1
##оператив,1
автобус,1
көрсетілді,1
801,1
##танд,1
қауіпті,1
рота,1
##вир,2
эн,2
##ови,1
инфекция,2
гепатит,1
алсаңыз,1
##лима,1
##гай,1
802,1
803,1
##г,2
804,1
##леш,1
805,1
Арнайы,1
##ынтық,1
индекс,1
##далады,1
806,1
##58,1
807,1
##ешен,1
##тарынан,4
ағып,4
808,1
##керлердің,2
түсінікті,1
809,1
Ще,1
##стыру,1
Казан,1
Антон,2
810,1
811,1
1258,1
пат,1
##арха,1
##далды,1
дүниежүзілік,1
812,1
Рейтинг,1
онд,1
өзгеріс,1
813,1
##ент,1
диагноз,1
емдеу,1
травма,1
жүргізуге,1
814,1
айдап,1
815,1
елімізде,2
816,1
817,1
Евгений,1
##ило,1
##вский,1
опера,1
818,1
819,1
820,1
Хар,1
821,1
хам,1
##онда,1
822,1
Филиппин,1
1085,1
кезекте,1
мамандар,1
жүйесінде,1
істейтін,1
педагог,1
жалақы,1
өседі,1
824,1
қоғамның,1
тұруға,1
825,1
##оу,1
ве,2
доцент,2
жұмыстар,1
827,1
құнын,1
процентке,1
828,1
істеді,1
829,1
Эми,1
Хан,1
##инд,1
об,1
##вато,1
830,1
831,1
1547,1
##рден,1
##шёл,1
Круз,1
832,1
833,1
мақта,1
##мейді,1
жүзінде,1
емеспін,1
834,1
еден,1
835,1
##нди,2
әдісі,1
Рио,1
836,1
лауреаты,1
1993,1
министрінің,1
Үздік,1
##раны,1
837,1
838,1
Грин,1
Том,1
##сон,1
##голь,1
##тл,1
теориясы,2
##қтық,2
839,1
840,2
##оле,1
841,1
842,1
843,1
станица,1
каза,1
844,1
845,1
Про,1
846,1
технологияларды,1
өмірдің,1
өндірістік,1
экономиканың,1
847,1
Мин,1
##хар,1
848,1
корпус,1
R,1
Global,1
Hawk,1
849,1
•,1
LEGO,1
Legends,1
Chi,1
##ma,1
Online,1
850,1
851,1
маусым,2
табысты,1
Манчестер,1
Юнайтед,1
УЕФА,1
Чем,1
##пион,1
852,1
853,1
854,1
модуля,1
лат,1
ampli,1
##tudo,1
modula,1
##tio,1
##тқыш,1
өзгерту,1
855,1
##нец,1
АО,1
856,1
пікірінше,1
түзету,1
кәсіпкерлік,1
тиімді,1
механизм,1
857,1
карт,1
##уру,1
##ашы,1
өсіру,1
ресурсы,1
механика,1
Дай,1
##мь,2
Еуропалық,1
өңдеу,2
858,1
Нова,1
##тино,1
Боль,1
##цан,1
859,1
Роберт,1
Ни,1
##лен,1
түсу,2
##кая,1
860,1
салынады,1
берік,1
болат,1
861,1
Жомарт,1
Тоқаев,1
##хал,1
862,1
##39,1
863,1
##ласта,1
1961,2
864,1
##эль,1
команда,2
жеңіп,1
865,1
##ұмбақ,1
866,1
сенің,1
867,1
868,1
жемқорлық,1
айтылды,1
869,1
##бад,1
фонда,1
870,1
##ори,1
ханым,1
ир,1
дамыту,1
қолға,3
негізі,1
труп,1
##бби,1
стр,1
театр,2
871,1
##цензия,1
872,1
түнгі,1
тыныштық,1
##зған,1
айыппұл,1
873,1
874,1
американдық,1
тұрғысынан,1
875,1
876,1
877,1
##ляр,1
##овский,1
1856,1
репортер,1
тұрмыстық,1
878,1
Ул,1
879,1
##ейте,1
себептері,1
880,1
881,1
882,1
883,1
Сегодня,1
##сматривает,1
программу,1
партии,1
до,1
года,1
Общество,1
благо,1
##пол,1
##учи,1
целей,1
десятилетия,1
разработан,1
##ную,1
по,2
моему,1
поруч,1
##ению,1
884,1
##иди,1
сегмент,1
түрлерін,1
##тон,1
885,1
дана,1
886,1
887,1
888,1
##циклопедия,1
редакция,1
ISBN,1
898,2
##00,1
889,1
890,1
##ену,1
##уша,2
тақырыбы,1
адамгершілік,1
насихаттау,1
892,1
сынап,1
градус,1
895,1
Израиль,1
турист,1
##лануы,1
896,1
бода,1
құжаттардың,1
897,1
тегі,1
алуы,2
ак,2
##роб,1
жасына,1
Црвена,1
Звезда,1
командасын,1
##лім,2
899,1
900,1
901,1
Әдетте,1
##эр,1
эффект,1
g,1
сұйық,3
азот,1
гел,1
##ий,1
темп,1
##ью,1
902,1
903,1
904,1
1945,1
905,1
##пана,1
алдағы,1
жылдарға,1
жаңарту,1
906,1
жұмыспен,1
907,1
##яха,1
тест,1
908,1
909,1
қоғамдағы,1
##тілік,1
910,1
##яси,1
көзқарасы,1
органдары,1
911,1
912,1
913,1
↑,1
пәні,2
914,1
##амы,1
##мызға,1
915,1
##лог,1
##елия,1
уг,1
916,1
917,1
Eure,1
##k,1
##A,1
##lert,1
918,1
##етел,1
##фан,1
##эма,1
##ву,1
919,1
##зады,1
920,1
қаржылық,1
вице,1
##ционер,2
қоғамда,1
менеджер,1
921,1
депутаты,1
процес,2
##нама,1
жетілдіру,1
922,1
тұлғалар,1
923,1
даярлау,1
1948,1
924,1
гектар,1
##ейт,1
##ілетін,1
925,1
926,1
3500,1
927,1
Кез,1
##цар,1
пайдасына,1
928,1
##баса,1
Федерация,1
##атылды,1
929,1
##пин,1
##ьян,2
930,1
931,1
көмегімен,1
планета,1
932,1
933,1
##47,1
##30,1
934,1
Түркия,1
##стал,1
935,1
936,1
эс,2
##тетикалық,2
937,1
мектептерде,1
мұғалімі,1
физики,1
938,1
##ху,1
##бра,1
##ска,1
Saunders,1
939,1
Павло,2
##ния,2
##лон,1
апта,1
940,1
топтың,1
шығармашылық,1
941,1
942,1
943,1
944,1
##бата,1
тур,1
##бина,3
мер,1
945,1
көрсеткіші,1
электронды,1
бир,1
##жасы,1
жарияланған,1
946,1
көрсететін,1
пет,1
##рог,1
##лиф,1
947,1
##зот,1
сұраққа,1
##ейтін,1
мәңгілік,1
жасайтын,1
уақытты,1
948,1
күннің,1
##аза,1
949,1
##гмент,1
синтез,1
процесс,1
950,1
##лива,2
Симон,1
президенті,1
Хуан,1
##вара,1
##дон,1
Маркс,1
Ленин,1
##цкий,1
Кит,1
952,1
##анова,1
953,1
Андреа,1
##инг,2
Иванович,1
955,1
бизнес,1
құқықтық,1
арттыру,1
бірлесіп,1
Тимур,1
956,1
Олимп,1
##ико,1
стадион,1
957,1
##фей,1
##мон,2
##уне,1
958,1
жұмысы,1
органдарының,1
959,1
960,1
энергетика,1
коммуналдық,1
##ике,1
қамтиды,1
961,1
##сө,1
962,1
дайындап,1
суға,1
##тырады,1
фильтр,1
963,1
964,1
белгілеу,1
дәрежесі,1
кандидат,1
##ғады,1
мақала,1
965,1
##ордан,1
сайты,1
966,1
Бу,1
##ргу,1
Й,1
967,1
##во,2
##́,1
Гра,1
##уб,1
##юн,1
Пре,1
968,1
##щ,1
969,1
кішкене,1
##они,1
##сид,1
##пелі,1
##елі,1
970,1
971,1
атауы,1
##гон,1
##тный,1
972,1
белгілері,1
##лейтін,1
973,1
974,1
Род,1
Марс,1
##оме,1
доп,1
975,1
976,1
977,1
978,1
жолаушылар,1
тасымалдау,1
айналысатын,1
болатынын,1
979,1
980,1
##тник,1
##лат,1
евро,1
##пой,1
981,1
982,1
диви,1
лига,1
983,1
##Ү,1
БА,1
##ТЕ,1
##РИ,1
##Я,1
##ЛА,1
984,1
Мина,2
штатында,1
985,1
##зень,1
986,1
меншік,1
V,1
артады,1
987,1
Таны,1
988,1
уақытын,1
##нес,1
##эм,1
ран,1
989,1
990,1
991,1
##еа,1
қаншама,1
материалды,1
992,1
993,1
##як,1
994,1
Нас,1
##ыров,1
##бок,1
995,1
996,1
##ТУ,2
орнында,1
1976,1
кафедра,1
ректор,1
атқарады,1
##ография,1
997,1
билет,1
комсомол,1
комитеті,1
##маны,1
998,1
999,1
